seed,method,query_index,query_type,retrieve_tool,process_tool,reward,cost_tokens,latency_ms
0,pheromone_router,0,factual-lookup,knowledge_base,calculator,0.0552448496072266,180,25
0,pheromone_router,1,text-summarization,vector_db,small_llm,0.4605495941551373,1150,105
0,pheromone_router,2,code-snippet,knowledge_base,small_llm,0.05970798618295711,1120,110
0,pheromone_router,3,code-snippet,vector_db,small_llm,0.3383484010319495,1150,105
0,pheromone_router,4,math-calculation,vector_db,small_llm,-0.07255258977770734,1150,105
0,pheromone_router,5,math-calculation,vector_db,small_llm,-0.05418955769484987,1150,105
0,pheromone_router,6,math-calculation,web_search,small_llm,-0.1190494296317299,1500,150
0,pheromone_router,7,factual-lookup,knowledge_base,small_llm,0.34564000493959035,1120,110
0,pheromone_router,8,text-summarization,web_search,small_llm,0.28483029604599314,1500,150
0,pheromone_router,9,text-summarization,web_search,small_llm,0.20753537594651367,1500,150
0,pheromone_router,10,factual-lookup,vector_db,small_llm,0.17009114939354955,1150,105
0,pheromone_router,11,factual-lookup,web_search,small_llm,0.18982450596766748,1500,150
0,pheromone_router,12,math-calculation,web_search,small_llm,-0.1262792327276413,1500,150
0,pheromone_router,13,code-snippet,web_search,small_llm,0.23864523957032008,1500,150
0,pheromone_router,14,text-summarization,web_search,small_llm,0.2213069985670843,1500,150
0,pheromone_router,15,math-calculation,web_search,calculator,0.09126971043700344,560,65
0,pheromone_router,16,factual-lookup,web_search,small_llm,0.24931530066367164,1500,150
0,pheromone_router,17,math-calculation,knowledge_base,small_llm,-0.03582776861928799,1120,110
0,pheromone_router,18,factual-lookup,web_search,small_llm,0.26627174345030774,1500,150
0,pheromone_router,19,code-snippet,knowledge_base,small_llm,0.09975881448660365,1120,110
0,pheromone_router,20,code-snippet,knowledge_base,small_llm,0.17252065364035576,1120,110
0,pheromone_router,21,code-snippet,vector_db,regex_processor,0.40597304409186036,230,25
0,pheromone_router,22,factual-lookup,web_search,small_llm,0.2552193795326328,1500,150
0,pheromone_router,23,math-calculation,vector_db,small_llm,-0.06798963434625385,1150,105
0,pheromone_router,24,code-snippet,vector_db,regex_processor,0.43255135599866196,230,25
0,pheromone_router,25,text-summarization,web_search,small_llm,0.20946409882309774,1500,150
0,pheromone_router,26,math-calculation,web_search,small_llm,-0.17316739537631926,1500,150
0,pheromone_router,27,factual-lookup,vector_db,small_llm,0.11268042856422403,1150,105
0,pheromone_router,28,text-summarization,web_search,small_llm,0.24750995154701788,1500,150
0,pheromone_router,29,text-summarization,knowledge_base,small_llm,0.27066726267425667,1120,110
0,pheromone_router,30,code-snippet,web_search,regex_processor,0.32134816789258774,580,70
0,pheromone_router,31,code-snippet,vector_db,small_llm,0.3087358512141778,1150,105
0,pheromone_router,32,code-snippet,web_search,regex_processor,0.3067144697730385,580,70
0,pheromone_router,33,factual-lookup,web_search,small_llm,0.2341020385447639,1500,150
0,pheromone_router,34,factual-lookup,web_search,small_llm,0.2835281682381569,1500,150
0,pheromone_router,35,math-calculation,vector_db,small_llm,-0.0065400065619083125,1150,105
0,pheromone_router,36,text-summarization,knowledge_base,small_llm,0.2741512263609208,1120,110
0,pheromone_router,37,text-summarization,web_search,regex_processor,0.013048010327605553,580,70
0,pheromone_router,38,factual-lookup,web_search,small_llm,0.18827064709669905,1500,150
0,pheromone_router,39,factual-lookup,web_search,small_llm,0.23244801003583654,1500,150
0,pheromone_router,40,math-calculation,web_search,small_llm,-0.14789505957539456,1500,150
0,pheromone_router,41,code-snippet,web_search,small_llm,0.1846502374183896,1500,150
0,pheromone_router,42,code-snippet,vector_db,small_llm,0.3302598273769273,1150,105
0,pheromone_router,43,text-summarization,vector_db,small_llm,0.456183542722309,1150,105
0,pheromone_router,44,math-calculation,web_search,small_llm,-0.15545446520576134,1500,150
0,pheromone_router,45,factual-lookup,web_search,calculator,0.0030949466858038593,560,65
0,pheromone_router,46,text-summarization,knowledge_base,small_llm,0.2071755316792979,1120,110
0,pheromone_router,47,factual-lookup,web_search,small_llm,0.2071908500929021,1500,150
0,pheromone_router,48,text-summarization,web_search,small_llm,0.22879501829954957,1500,150
0,pheromone_router,49,factual-lookup,knowledge_base,small_llm,0.25321583253034186,1120,110
0,pheromone_router,50,text-summarization,knowledge_base,small_llm,0.298352543805232,1120,110
0,pheromone_router,51,math-calculation,knowledge_base,small_llm,-0.055035936192387586,1120,110
0,pheromone_router,52,code-snippet,web_search,small_llm,0.12349888533997389,1500,150
0,pheromone_router,53,math-calculation,vector_db,small_llm,-0.06049145510895501,1150,105
0,pheromone_router,54,math-calculation,vector_db,regex_processor,0.08750655962166128,230,25
0,pheromone_router,55,math-calculation,knowledge_base,small_llm,-0.014390251008183641,1120,110
0,pheromone_router,56,math-calculation,vector_db,small_llm,-0.04816919723257129,1150,105
0,pheromone_router,57,text-summarization,knowledge_base,regex_processor,0.11920558933587773,200,30
0,pheromone_router,58,code-snippet,web_search,regex_processor,0.22606975965546006,580,70
0,pheromone_router,59,text-summarization,web_search,small_llm,0.2303178933858025,1500,150
0,pheromone_router,60,code-snippet,vector_db,small_llm,0.4787855109959468,1150,105
0,pheromone_router,61,math-calculation,vector_db,regex_processor,0.10558491920686898,230,25
0,pheromone_router,62,factual-lookup,knowledge_base,small_llm,0.20287958104434936,1120,110
0,pheromone_router,63,factual-lookup,web_search,small_llm,0.3124861656144093,1500,150
0,pheromone_router,64,code-snippet,vector_db,small_llm,0.3429911225639314,1150,105
0,pheromone_router,65,code-snippet,web_search,small_llm,0.1744222692469063,1500,150
0,pheromone_router,66,text-summarization,web_search,small_llm,0.16885886529886168,1500,150
0,pheromone_router,67,factual-lookup,knowledge_base,small_llm,0.2574507851337774,1120,110
0,pheromone_router,68,text-summarization,knowledge_base,small_llm,0.2663734319114166,1120,110
0,pheromone_router,69,factual-lookup,knowledge_base,small_llm,0.21986642384263125,1120,110
0,pheromone_router,70,text-summarization,web_search,small_llm,0.27878737832360606,1500,150
0,pheromone_router,71,code-snippet,web_search,small_llm,0.07394802138521683,1500,150
0,pheromone_router,72,factual-lookup,web_search,small_llm,0.24587273711007945,1500,150
0,pheromone_router,73,math-calculation,web_search,small_llm,-0.1840912123501994,1500,150
0,pheromone_router,74,math-calculation,knowledge_base,small_llm,-0.040814395954829635,1120,110
0,pheromone_router,75,text-summarization,vector_db,small_llm,0.5412651336689095,1150,105
0,pheromone_router,76,text-summarization,web_search,small_llm,0.30299495067996224,1500,150
0,pheromone_router,77,text-summarization,web_search,small_llm,0.23593517663354185,1500,150
0,pheromone_router,78,factual-lookup,web_search,small_llm,0.22482096761644904,1500,150
0,pheromone_router,79,math-calculation,vector_db,regex_processor,0.06993857803309446,230,25
0,pheromone_router,80,code-snippet,knowledge_base,small_llm,0.12590926129977045,1120,110
0,pheromone_router,81,factual-lookup,vector_db,small_llm,0.1795434512112716,1150,105
0,pheromone_router,82,code-snippet,web_search,small_llm,0.16753850011245863,1500,150
0,pheromone_router,83,text-summarization,vector_db,small_llm,0.5467103041796122,1150,105
0,pheromone_router,84,math-calculation,vector_db,calculator,0.23612633885933784,210,20
0,pheromone_router,85,text-summarization,knowledge_base,small_llm,0.2150987905447351,1120,110
0,pheromone_router,86,code-snippet,web_search,small_llm,0.1652087349168584,1500,150
0,pheromone_router,87,code-snippet,web_search,small_llm,0.27696814493303284,1500,150
0,pheromone_router,88,factual-lookup,web_search,regex_processor,0.05285393602696356,580,70
0,pheromone_router,89,factual-lookup,vector_db,small_llm,0.27407276968773175,1150,105
0,pheromone_router,90,factual-lookup,vector_db,small_llm,0.20176779680923,1150,105
0,pheromone_router,91,code-snippet,web_search,small_llm,0.33773066179344907,1500,150
0,pheromone_router,92,math-calculation,knowledge_base,small_llm,-0.0419976646360834,1120,110
0,pheromone_router,93,math-calculation,vector_db,small_llm,-0.08303561045593671,1150,105
0,pheromone_router,94,text-summarization,knowledge_base,small_llm,0.294641502395361,1120,110
0,pheromone_router,95,math-calculation,knowledge_base,regex_processor,0.11306535004123212,200,30
0,pheromone_router,96,code-snippet,web_search,small_llm,0.20770892590901874,1500,150
0,pheromone_router,97,text-summarization,knowledge_base,small_llm,0.23914169781596642,1120,110
0,pheromone_router,98,math-calculation,web_search,regex_processor,-0.003932803795730411,580,70
0,pheromone_router,99,code-snippet,web_search,regex_processor,0.26000950876233586,580,70
0,random,0,factual-lookup,web_search,regex_processor,0.09088751989642921,580,70
0,random,1,text-summarization,knowledge_base,calculator,-0.010783535551169454,180,25
0,random,2,code-snippet,vector_db,regex_processor,0.4156102029335061,230,25
0,random,3,code-snippet,vector_db,small_llm,0.3072895361020318,1150,105
0,random,4,math-calculation,vector_db,small_llm,-0.07902394764378781,1150,105
0,random,5,math-calculation,web_search,calculator,0.0938079308888351,560,65
0,random,6,math-calculation,knowledge_base,calculator,0.34849880073978073,180,25
0,random,7,factual-lookup,knowledge_base,calculator,0.04714987287053077,180,25
0,random,8,text-summarization,knowledge_base,regex_processor,0.08264795805052981,200,30
0,random,9,text-summarization,web_search,small_llm,0.2065614166894822,1500,150
0,random,10,factual-lookup,web_search,small_llm,0.25624480974036784,1500,150
0,random,11,factual-lookup,vector_db,small_llm,0.2190685284763004,1150,105
0,random,12,math-calculation,vector_db,regex_processor,0.08091332460356294,230,25
0,random,13,code-snippet,vector_db,regex_processor,0.40736990594785805,230,25
0,random,14,text-summarization,web_search,regex_processor,0.056508756341951516,580,70
0,random,15,math-calculation,knowledge_base,small_llm,0.05204533226128924,1120,110
0,random,16,factual-lookup,knowledge_base,calculator,0.05904571605877987,180,25
0,random,17,math-calculation,knowledge_base,calculator,0.30677729334399584,180,25
0,random,18,factual-lookup,web_search,regex_processor,0.08679436767761506,580,70
0,random,19,code-snippet,web_search,small_llm,0.14178274401215052,1500,150
0,random,20,code-snippet,vector_db,regex_processor,0.4174995995822149,230,25
0,random,21,code-snippet,vector_db,regex_processor,0.40989767301702174,230,25
0,random,22,factual-lookup,web_search,calculator,0.010667631141245776,560,65
0,random,23,math-calculation,vector_db,calculator,0.26160144871299434,210,20
0,random,24,code-snippet,vector_db,regex_processor,0.4417740386010598,230,25
0,random,25,text-summarization,vector_db,small_llm,0.49459538909571443,1150,105
0,random,26,math-calculation,web_search,small_llm,-0.10413399046094524,1500,150
0,random,27,factual-lookup,knowledge_base,small_llm,0.20405719252047164,1120,110
0,random,28,text-summarization,web_search,small_llm,0.26934253966830995,1500,150
0,random,29,text-summarization,knowledge_base,small_llm,0.24026971043700343,1120,110
0,random,30,code-snippet,web_search,calculator,5.7053321040362315e-05,560,65
0,random,31,code-snippet,web_search,small_llm,0.25220357556745104,1500,150
0,random,32,code-snippet,vector_db,small_llm,0.2659886912724524,1150,105
0,random,33,factual-lookup,knowledge_base,calculator,0.08034571500113255,180,25
0,random,34,factual-lookup,web_search,calculator,0.007752763437066712,560,65
0,random,35,math-calculation,knowledge_base,small_llm,-0.03934863022173238,1120,110
0,random,36,text-summarization,knowledge_base,regex_processor,0.09069270221352783,200,30
0,random,37,text-summarization,knowledge_base,calculator,-0.013174644859893118,180,25
0,random,38,factual-lookup,web_search,small_llm,0.3120514790771342,1500,150
0,random,39,factual-lookup,vector_db,calculator,0.07644598712041231,210,20
0,random,40,math-calculation,web_search,small_llm,-0.13818339876176253,1500,150
0,random,41,code-snippet,knowledge_base,calculator,0.020519054150002283,180,25
0,random,42,code-snippet,knowledge_base,calculator,0.04339367481456846,180,25
0,random,43,text-summarization,web_search,regex_processor,-0.004444378419368886,580,70
0,random,44,math-calculation,vector_db,calculator,0.27693359745851726,210,20
0,random,45,factual-lookup,web_search,regex_processor,0.14211324133862613,580,70
0,random,46,text-summarization,knowledge_base,regex_processor,0.08797200838440399,200,30
0,random,47,factual-lookup,web_search,calculator,-0.0058545520306850785,560,65
0,random,48,text-summarization,web_search,calculator,-0.10285818547064376,560,65
0,random,49,factual-lookup,web_search,small_llm,0.22877414094702547,1500,150
0,random,50,text-summarization,knowledge_base,calculator,-0.016695294579612545,180,25
0,random,51,math-calculation,web_search,small_llm,-0.1766715585372287,1500,150
0,random,52,code-snippet,knowledge_base,small_llm,0.12857793641943718,1120,110
0,random,53,math-calculation,vector_db,regex_processor,0.028655078477413637,230,25
0,random,54,math-calculation,web_search,small_llm,-0.1797142543850549,1500,150
0,random,55,math-calculation,vector_db,small_llm,-0.0550810220124022,1150,105
0,random,56,math-calculation,vector_db,regex_processor,0.12248763557388657,230,25
0,random,57,text-summarization,knowledge_base,calculator,0.005144800142047927,180,25
0,random,58,code-snippet,knowledge_base,small_llm,0.14078336899128444,1120,110
0,random,59,text-summarization,web_search,small_llm,0.2131822124265103,1500,150
0,random,60,code-snippet,vector_db,calculator,0.053595041411724435,210,20
0,random,61,math-calculation,web_search,calculator,0.10894178481402064,560,65
0,random,62,factual-lookup,vector_db,regex_processor,0.13419361185434842,230,25
0,random,63,factual-lookup,web_search,regex_processor,-0.03279034369451572,580,70
0,random,64,code-snippet,vector_db,small_llm,0.3769081811674775,1150,105
0,random,65,code-snippet,vector_db,small_llm,0.35538280457083393,1150,105
0,random,66,text-summarization,web_search,calculator,-0.07924993338397485,560,65
0,random,67,factual-lookup,vector_db,calculator,-0.027785749909695696,210,20
0,random,68,text-summarization,web_search,small_llm,0.24673119386202796,1500,150
0,random,69,factual-lookup,web_search,regex_processor,0.028187132535070436,580,70
0,random,70,text-summarization,knowledge_base,calculator,0.040882382335126824,180,25
0,random,71,code-snippet,knowledge_base,regex_processor,0.24611621556551289,200,30
0,random,72,factual-lookup,web_search,small_llm,0.24313686646933713,1500,150
0,random,73,math-calculation,knowledge_base,calculator,0.44828940468147616,180,25
0,random,74,math-calculation,web_search,regex_processor,-0.03359595801700482,580,70
0,random,75,text-summarization,vector_db,calculator,0.040900323047032415,210,20
0,random,76,text-summarization,web_search,regex_processor,0.0034709408021874333,580,70
0,random,77,text-summarization,knowledge_base,regex_processor,0.1035771410282804,200,30
0,random,78,factual-lookup,web_search,regex_processor,-0.0029804296121120344,580,70
0,random,79,math-calculation,knowledge_base,small_llm,-0.10288174569760251,1120,110
0,random,80,code-snippet,web_search,small_llm,0.25362795854071213,1500,150
0,random,81,factual-lookup,vector_db,small_llm,0.2448020038796279,1150,105
0,random,82,code-snippet,knowledge_base,regex_processor,0.2652408207118652,200,30
0,random,83,text-summarization,vector_db,small_llm,0.4414470729391703,1150,105
0,random,84,math-calculation,knowledge_base,small_llm,-0.01876157067344711,1120,110
0,random,85,text-summarization,knowledge_base,small_llm,0.2753899467613532,1120,110
0,random,86,code-snippet,vector_db,small_llm,0.36855984261414276,1150,105
0,random,87,code-snippet,web_search,regex_processor,0.24537451373479874,580,70
0,random,88,factual-lookup,web_search,regex_processor,0.09839994478826136,580,70
0,random,89,factual-lookup,knowledge_base,small_llm,0.1964250736758281,1120,110
0,random,90,factual-lookup,knowledge_base,small_llm,0.38949761906026015,1120,110
0,random,91,code-snippet,knowledge_base,regex_processor,0.16694129440083255,200,30
0,random,92,math-calculation,vector_db,regex_processor,0.06146452175969086,230,25
0,random,93,math-calculation,knowledge_base,regex_processor,0.12795823469527207,200,30
0,random,94,text-summarization,web_search,calculator,-0.10832162356878092,560,65
0,random,95,math-calculation,web_search,calculator,0.11597607160031856,560,65
0,random,96,code-snippet,vector_db,regex_processor,0.40721845839612264,230,25
0,random,97,text-summarization,knowledge_base,regex_processor,0.09218776006331321,200,30
0,random,98,math-calculation,knowledge_base,small_llm,-0.047376972836567804,1120,110
0,random,99,code-snippet,vector_db,regex_processor,0.37561422340892336,230,25
0,greedy-cheapest,0,factual-lookup,vector_db,calculator,0.024963456956098577,210,20
0,greedy-cheapest,1,text-summarization,vector_db,calculator,0.0022027620469945997,210,20
0,greedy-cheapest,2,code-snippet,vector_db,calculator,0.09491090706194333,210,20
0,greedy-cheapest,3,code-snippet,vector_db,calculator,0.13590761579965782,210,20
0,greedy-cheapest,4,math-calculation,vector_db,calculator,0.2017619555730711,210,20
0,greedy-cheapest,5,math-calculation,vector_db,calculator,0.22301504745696218,210,20
0,greedy-cheapest,6,math-calculation,vector_db,calculator,0.13706336046340292,210,20
0,greedy-cheapest,7,factual-lookup,vector_db,calculator,-0.0005780623670334564,210,20
0,greedy-cheapest,8,text-summarization,vector_db,calculator,-0.01629153031752886,210,20
0,greedy-cheapest,9,text-summarization,vector_db,calculator,0.037696153538637985,210,20
0,greedy-cheapest,10,factual-lookup,vector_db,calculator,0.07574445335048774,210,20
0,greedy-cheapest,11,factual-lookup,vector_db,calculator,0.037392322520065656,210,20
0,greedy-cheapest,12,math-calculation,vector_db,calculator,0.29889256663669056,210,20
0,greedy-cheapest,13,code-snippet,vector_db,calculator,0.053322188091459534,210,20
0,greedy-cheapest,14,text-summarization,vector_db,calculator,0.0033610300792128803,210,20
0,greedy-cheapest,15,math-calculation,vector_db,calculator,0.20091904404338284,210,20
0,greedy-cheapest,16,factual-lookup,vector_db,calculator,0.046918180055471374,210,20
0,greedy-cheapest,17,math-calculation,vector_db,calculator,0.2690395976231226,210,20
0,greedy-cheapest,18,factual-lookup,vector_db,calculator,0.021406242528358876,210,20
0,greedy-cheapest,19,code-snippet,vector_db,calculator,0.1483033003804847,210,20
0,greedy-cheapest,20,code-snippet,vector_db,calculator,0.12084654425046104,210,20
0,greedy-cheapest,21,code-snippet,vector_db,calculator,0.130480244291896,210,20
0,greedy-cheapest,22,factual-lookup,vector_db,calculator,0.019127433003389094,210,20
0,greedy-cheapest,23,math-calculation,vector_db,calculator,0.33190103417684796,210,20
0,greedy-cheapest,24,code-snippet,vector_db,calculator,0.15568056305262243,210,20
0,greedy-cheapest,25,text-summarization,vector_db,calculator,-0.041,210,20
0,greedy-cheapest,26,math-calculation,vector_db,calculator,0.25877729334399585,210,20
0,greedy-cheapest,27,factual-lookup,vector_db,calculator,0.03511481469808294,210,20
0,greedy-cheapest,28,text-summarization,vector_db,calculator,0.024424270128355165,210,20
0,greedy-cheapest,29,text-summarization,vector_db,calculator,-0.029315306607854627,210,20
0,greedy-cheapest,30,code-snippet,vector_db,calculator,0.04789344248776838,210,20
0,greedy-cheapest,31,code-snippet,vector_db,calculator,0.08812015211949017,210,20
0,greedy-cheapest,32,code-snippet,vector_db,calculator,0.08367343228051666,210,20
0,greedy-cheapest,33,factual-lookup,vector_db,calculator,0.08835688847505621,210,20
0,greedy-cheapest,34,factual-lookup,vector_db,calculator,-0.041,210,20
0,greedy-cheapest,35,math-calculation,vector_db,calculator,0.26160144871299434,210,20
0,greedy-cheapest,36,text-summarization,vector_db,calculator,-0.02571249756275116,210,20
0,greedy-cheapest,37,text-summarization,vector_db,calculator,-0.041,210,20
0,greedy-cheapest,38,factual-lookup,vector_db,calculator,0.056872705052576154,210,20
0,greedy-cheapest,39,factual-lookup,vector_db,calculator,0.09957457998400396,210,20
0,greedy-cheapest,40,math-calculation,vector_db,calculator,0.2524411059837606,210,20
0,greedy-cheapest,41,code-snippet,vector_db,calculator,0.05079205850727176,210,20
0,greedy-cheapest,42,code-snippet,vector_db,calculator,0.09469791114005949,210,20
0,greedy-cheapest,43,text-summarization,vector_db,calculator,0.04837975358011554,210,20
0,greedy-cheapest,44,math-calculation,vector_db,calculator,0.22126971043700341,210,20
0,greedy-cheapest,45,factual-lookup,vector_db,calculator,0.08153618725448686,210,20
0,greedy-cheapest,46,text-summarization,vector_db,calculator,-0.03136682118137932,210,20
0,greedy-cheapest,47,factual-lookup,vector_db,calculator,0.06699388955834851,210,20
0,greedy-cheapest,48,text-summarization,vector_db,calculator,-0.025290496333153594,210,20
0,greedy-cheapest,49,factual-lookup,vector_db,calculator,-0.022059939737682763,210,20
0,greedy-cheapest,50,text-summarization,vector_db,calculator,0.036114725293230864,210,20
0,greedy-cheapest,51,math-calculation,vector_db,calculator,0.22927537292971814,210,20
0,greedy-cheapest,52,code-snippet,vector_db,calculator,0.05332302360874993,210,20
0,greedy-cheapest,53,math-calculation,vector_db,calculator,0.2233465952470364,210,20
0,greedy-cheapest,54,math-calculation,vector_db,calculator,0.14636516110908607,210,20
0,greedy-cheapest,55,math-calculation,vector_db,calculator,0.22597989064149263,210,20
0,greedy-cheapest,56,math-calculation,vector_db,calculator,0.252284090220399,210,20
0,greedy-cheapest,57,text-summarization,vector_db,calculator,-0.03151953331372573,210,20
0,greedy-cheapest,58,code-snippet,vector_db,calculator,0.12938728391543933,210,20
0,greedy-cheapest,59,text-summarization,vector_db,calculator,0.044748815417431705,210,20
0,greedy-cheapest,60,code-snippet,vector_db,calculator,0.1259704054034048,210,20
0,greedy-cheapest,61,math-calculation,vector_db,calculator,0.23503284169378078,210,20
0,greedy-cheapest,62,factual-lookup,vector_db,calculator,0.0016515600475367556,210,20
0,greedy-cheapest,63,factual-lookup,vector_db,calculator,0.030012859887324266,210,20
0,greedy-cheapest,64,code-snippet,vector_db,calculator,0.05130959810092662,210,20
0,greedy-cheapest,65,code-snippet,vector_db,calculator,0.08659364602970893,210,20
0,greedy-cheapest,66,text-summarization,vector_db,calculator,0.04817465598512249,210,20
0,greedy-cheapest,67,factual-lookup,vector_db,calculator,0.06535857609256662,210,20
0,greedy-cheapest,68,text-summarization,vector_db,calculator,0.047168965463882655,210,20
0,greedy-cheapest,69,factual-lookup,vector_db,calculator,0.052911884639207936,210,20
0,greedy-cheapest,70,text-summarization,vector_db,calculator,0.013600278828501115,210,20
0,greedy-cheapest,71,code-snippet,vector_db,calculator,0.10550710676673078,210,20
0,greedy-cheapest,72,factual-lookup,vector_db,calculator,0.01774850026594753,210,20
0,greedy-cheapest,73,math-calculation,vector_db,calculator,0.15870393968871935,210,20
0,greedy-cheapest,74,math-calculation,vector_db,calculator,0.21881340757396614,210,20
0,greedy-cheapest,75,text-summarization,vector_db,calculator,-0.001151852628274927,210,20
0,greedy-cheapest,76,text-summarization,vector_db,calculator,-0.023687787710718618,210,20
0,greedy-cheapest,77,text-summarization,vector_db,calculator,-0.041,210,20
0,greedy-cheapest,78,factual-lookup,vector_db,calculator,0.02671116083167318,210,20
0,greedy-cheapest,79,math-calculation,vector_db,calculator,0.16603531708756844,210,20
0,greedy-cheapest,80,code-snippet,vector_db,calculator,0.08407734975767334,210,20
0,greedy-cheapest,81,factual-lookup,vector_db,calculator,0.018397455740662427,210,20
0,greedy-cheapest,82,code-snippet,vector_db,calculator,0.10532007225904952,210,20
0,greedy-cheapest,83,text-summarization,vector_db,calculator,-0.041,210,20
0,greedy-cheapest,84,math-calculation,vector_db,calculator,0.34136695331780503,210,20
0,greedy-cheapest,85,text-summarization,vector_db,calculator,0.0010822238357886954,210,20
0,greedy-cheapest,86,code-snippet,vector_db,calculator,0.11107239551078585,210,20
0,greedy-cheapest,87,code-snippet,vector_db,calculator,0.08995231198076309,210,20
0,greedy-cheapest,88,factual-lookup,vector_db,calculator,0.05384942237410741,210,20
0,greedy-cheapest,89,factual-lookup,vector_db,calculator,0.012088087758487173,210,20
0,greedy-cheapest,90,factual-lookup,vector_db,calculator,-0.007989496498738535,210,20
0,greedy-cheapest,91,code-snippet,vector_db,calculator,0.08831344913048081,210,20
0,greedy-cheapest,92,math-calculation,vector_db,calculator,0.2371565837201359,210,20
0,greedy-cheapest,93,math-calculation,vector_db,calculator,0.2351710479720793,210,20
0,greedy-cheapest,94,text-summarization,vector_db,calculator,-0.02082561615588832,210,20
0,greedy-cheapest,95,math-calculation,vector_db,calculator,0.14447126506811117,210,20
0,greedy-cheapest,96,code-snippet,vector_db,calculator,0.0980861806625056,210,20
0,greedy-cheapest,97,text-summarization,vector_db,calculator,0.05625100856687614,210,20
0,greedy-cheapest,98,math-calculation,vector_db,calculator,0.18324330387838983,210,20
0,greedy-cheapest,99,code-snippet,vector_db,calculator,0.10263734544799302,210,20
0,greedy-advertised,0,factual-lookup,web_search,small_llm,0.26745540169229215,1500,150
0,greedy-advertised,1,text-summarization,knowledge_base,small_llm,0.28621052985252926,1120,110
0,greedy-advertised,2,code-snippet,web_search,small_llm,0.19759766479693347,1500,150
0,greedy-advertised,3,code-snippet,web_search,small_llm,0.2969199148585642,1500,150
0,greedy-advertised,4,math-calculation,vector_db,small_llm,-0.09110773685707851,1150,105
0,greedy-advertised,5,math-calculation,vector_db,small_llm,-0.07158455159848473,1150,105
0,greedy-advertised,6,math-calculation,vector_db,small_llm,-0.12094847788186211,1150,105
0,greedy-advertised,7,factual-lookup,web_search,small_llm,0.2001208220178467,1500,150
0,greedy-advertised,8,text-summarization,knowledge_base,small_llm,0.21967056740850663,1120,110
0,greedy-advertised,9,text-summarization,knowledge_base,small_llm,0.29858152681870664,1120,110
0,greedy-advertised,10,factual-lookup,web_search,small_llm,0.3306118801587579,1500,150
0,greedy-advertised,11,factual-lookup,web_search,small_llm,0.266156331559063,1500,150
0,greedy-advertised,12,math-calculation,vector_db,small_llm,-0.028532042268823332,1150,105
0,greedy-advertised,13,code-snippet,web_search,small_llm,0.1524627759281068,1500,150
0,greedy-advertised,14,text-summarization,knowledge_base,small_llm,0.23651092888080702,1120,110
0,greedy-advertised,15,math-calculation,vector_db,small_llm,-0.08537416501053433,1150,105
0,greedy-advertised,16,factual-lookup,web_search,small_llm,0.290698124616182,1500,150
0,greedy-advertised,17,math-calculation,vector_db,small_llm,-0.04357557351076377,1150,105
0,greedy-advertised,18,factual-lookup,web_search,small_llm,0.24444035687174076,1500,150
0,greedy-advertised,19,code-snippet,web_search,small_llm,0.291048925294426,1500,150
0,greedy-advertised,20,code-snippet,web_search,small_llm,0.1971421050202295,1500,150
0,greedy-advertised,21,code-snippet,web_search,small_llm,0.2932679170630698,1500,150
0,greedy-advertised,22,factual-lookup,web_search,small_llm,0.2628147885799163,1500,150
0,greedy-advertised,23,math-calculation,vector_db,small_llm,0.02164468647016432,1150,105
0,greedy-advertised,24,code-snippet,web_search,small_llm,0.33194593691143554,1500,150
0,greedy-advertised,25,text-summarization,knowledge_base,small_llm,0.2386880301767164,1120,110
0,greedy-advertised,26,math-calculation,vector_db,small_llm,-0.0452826747015343,1150,105
0,greedy-advertised,27,factual-lookup,web_search,small_llm,0.24884480385661906,1500,150
0,greedy-advertised,28,text-summarization,knowledge_base,small_llm,0.2915676023458197,1120,110
0,greedy-advertised,29,text-summarization,knowledge_base,small_llm,0.1821706670385598,1120,110
0,greedy-advertised,30,code-snippet,web_search,small_llm,0.15763380172504582,1500,150
0,greedy-advertised,31,code-snippet,web_search,small_llm,0.2668893849473249,1500,150
0,greedy-advertised,32,code-snippet,web_search,small_llm,0.2160113766016581,1500,150
0,greedy-advertised,33,factual-lookup,web_search,small_llm,0.36601804935409193,1500,150
0,greedy-advertised,34,factual-lookup,web_search,small_llm,0.18084486244821107,1500,150
0,greedy-advertised,35,math-calculation,vector_db,small_llm,-0.04322498161815072,1150,105
0,greedy-advertised,36,text-summarization,knowledge_base,small_llm,0.2836896114089914,1120,110
0,greedy-advertised,37,text-summarization,knowledge_base,small_llm,0.30052016492812594,1120,110
0,greedy-advertised,38,factual-lookup,web_search,small_llm,0.29302262935862095,1500,150
0,greedy-advertised,39,factual-lookup,web_search,small_llm,0.3668308526252025,1500,150
0,greedy-advertised,40,math-calculation,vector_db,small_llm,-0.059612056655257345,1150,105
0,greedy-advertised,41,code-snippet,web_search,small_llm,0.16224910988125352,1500,150
0,greedy-advertised,42,code-snippet,web_search,small_llm,0.17259727700557415,1500,150
0,greedy-advertised,43,text-summarization,knowledge_base,small_llm,0.3070582906206403,1120,110
0,greedy-advertised,44,math-calculation,vector_db,small_llm,-0.053601573137178754,1150,105
0,greedy-advertised,45,factual-lookup,web_search,small_llm,0.33503159804482757,1500,150
0,greedy-advertised,46,text-summarization,knowledge_base,small_llm,0.21485135684968218,1120,110
0,greedy-advertised,47,factual-lookup,web_search,small_llm,0.3271316874081835,1500,150
0,greedy-advertised,48,text-summarization,knowledge_base,small_llm,0.24577404492057867,1120,110
0,greedy-advertised,49,factual-lookup,web_search,small_llm,0.1678905647239326,1500,150
0,greedy-advertised,50,text-summarization,knowledge_base,small_llm,0.3028640406215273,1120,110
0,greedy-advertised,51,math-calculation,vector_db,small_llm,-0.07519229332883809,1150,105
0,greedy-advertised,52,code-snippet,web_search,small_llm,0.20589787843074175,1500,150
0,greedy-advertised,53,math-calculation,vector_db,small_llm,-0.06640117485558258,1150,105
0,greedy-advertised,54,math-calculation,vector_db,small_llm,-0.11325680365906017,1150,105
0,greedy-advertised,55,math-calculation,vector_db,small_llm,-0.06951483137570305,1150,105
0,greedy-advertised,56,math-calculation,vector_db,small_llm,-0.05408832696585328,1150,105
0,greedy-advertised,57,text-summarization,knowledge_base,small_llm,0.26569782572431977,1120,110
0,greedy-advertised,58,code-snippet,web_search,small_llm,0.29475396516820723,1500,150
0,greedy-advertised,59,text-summarization,knowledge_base,small_llm,0.3201866331151635,1120,110
0,greedy-advertised,60,code-snippet,web_search,small_llm,0.2704568259073991,1500,150
0,greedy-advertised,61,math-calculation,vector_db,small_llm,-0.07459242093719123,1150,105
0,greedy-advertised,62,factual-lookup,web_search,small_llm,0.22965649954440254,1500,150
0,greedy-advertised,63,factual-lookup,web_search,small_llm,0.23867497556085132,1500,150
0,greedy-advertised,64,code-snippet,web_search,small_llm,0.15640625193615687,1500,150
0,greedy-advertised,65,code-snippet,web_search,small_llm,0.1730250682281107,1500,150
0,greedy-advertised,66,text-summarization,knowledge_base,small_llm,0.2959335974585172,1120,110
0,greedy-advertised,67,factual-lookup,web_search,small_llm,0.3190337063696245,1500,150
0,greedy-advertised,68,text-summarization,knowledge_base,small_llm,0.3481132413386261,1120,110
0,greedy-advertised,69,factual-lookup,web_search,small_llm,0.25013783347232627,1500,150
0,greedy-advertised,70,text-summarization,knowledge_base,small_llm,0.28008603728902315,1120,110
0,greedy-advertised,71,code-snippet,web_search,small_llm,0.23761510494248234,1500,150
0,greedy-advertised,72,factual-lookup,web_search,small_llm,0.26224743941552425,1500,150
0,greedy-advertised,73,math-calculation,vector_db,small_llm,-0.10841090139619676,1150,105
0,greedy-advertised,74,math-calculation,vector_db,small_llm,-0.06307057898690904,1150,105
0,greedy-advertised,75,text-summarization,knowledge_base,small_llm,0.24131021265059546,1120,110
0,greedy-advertised,76,text-summarization,knowledge_base,small_llm,0.2009627251355515,1120,110
0,greedy-advertised,77,text-summarization,knowledge_base,small_llm,0.21536062727236807,1120,110
0,greedy-advertised,78,factual-lookup,web_search,small_llm,0.2739023855209414,1500,150
0,greedy-advertised,79,math-calculation,vector_db,small_llm,-0.11647170710481902,1150,105
0,greedy-advertised,80,code-snippet,web_search,small_llm,0.22249550420614156,1500,150
0,greedy-advertised,81,factual-lookup,web_search,small_llm,0.24319531253704657,1500,150
0,greedy-advertised,82,code-snippet,web_search,small_llm,0.28548004276033573,1500,150
0,greedy-advertised,83,text-summarization,knowledge_base,small_llm,0.21961557036011695,1120,110
0,greedy-advertised,84,math-calculation,vector_db,small_llm,0.007842678571557349,1150,105
0,greedy-advertised,85,text-summarization,knowledge_base,small_llm,0.30499838371087573,1120,110
0,greedy-advertised,86,code-snippet,web_search,small_llm,0.26093630905984916,1500,150
0,greedy-advertised,87,code-snippet,web_search,small_llm,0.2312614394072015,1500,150
0,greedy-advertised,88,factual-lookup,web_search,small_llm,0.2708629030205982,1500,150
0,greedy-advertised,89,factual-lookup,web_search,small_llm,0.201714888452519,1500,150
0,greedy-advertised,90,factual-lookup,web_search,small_llm,0.21486168952896362,1500,150
0,greedy-advertised,91,code-snippet,web_search,small_llm,0.22974077531494358,1500,150
0,greedy-advertised,92,math-calculation,vector_db,small_llm,-0.059784008955730106,1150,105
0,greedy-advertised,93,math-calculation,vector_db,small_llm,-0.04892612085218995,1150,105
0,greedy-advertised,94,text-summarization,knowledge_base,small_llm,0.2574190246079713,1120,110
0,greedy-advertised,95,math-calculation,vector_db,small_llm,-0.12172703794819963,1150,105
0,greedy-advertised,96,code-snippet,web_search,small_llm,0.2545346913252558,1500,150
0,greedy-advertised,97,text-summarization,knowledge_base,small_llm,0.2638437467160233,1120,110
0,greedy-advertised,98,math-calculation,vector_db,small_llm,-0.09717973737402134,1150,105
0,greedy-advertised,99,code-snippet,web_search,small_llm,0.206812402749514,1500,150
0,oracle,0,factual-lookup,web_search,small_llm,0.26745540169229215,1500,150
0,oracle,1,text-summarization,vector_db,small_llm,0.5270217813169422,1150,105
0,oracle,2,code-snippet,vector_db,regex_processor,0.39951917273291554,230,25
0,oracle,3,code-snippet,vector_db,regex_processor,0.4865076169279113,230,25
0,oracle,4,math-calculation,knowledge_base,calculator,0.245598401895456,180,25
0,oracle,5,math-calculation,knowledge_base,calculator,0.2701183624053303,180,25
0,oracle,6,math-calculation,knowledge_base,calculator,0.18351638130357156,180,25
0,oracle,7,factual-lookup,web_search,small_llm,0.2001208220178467,1500,150
0,oracle,8,text-summarization,vector_db,small_llm,0.45521681545389214,1150,105
0,oracle,9,text-summarization,vector_db,small_llm,0.5505815268187066,1150,105
0,oracle,10,factual-lookup,web_search,small_llm,0.3306118801587579,1500,150
0,oracle,11,factual-lookup,web_search,small_llm,0.266156331559063,1500,150
0,oracle,12,math-calculation,knowledge_base,calculator,0.3461275973810927,180,25
0,oracle,13,code-snippet,vector_db,regex_processor,0.3527347068576143,230,25
0,oracle,14,text-summarization,vector_db,small_llm,0.4787633679241826,1150,105
0,oracle,15,math-calculation,knowledge_base,calculator,0.24739610510620352,180,25
0,oracle,16,factual-lookup,web_search,small_llm,0.290698124616182,1500,150
0,oracle,17,math-calculation,knowledge_base,calculator,0.31692802939572234,180,25
0,oracle,18,factual-lookup,web_search,small_llm,0.24444035687174076,1500,150
0,oracle,19,code-snippet,vector_db,regex_processor,0.48590268713201795,230,25
0,oracle,20,code-snippet,vector_db,regex_processor,0.40736990594785805,230,25
0,oracle,21,code-snippet,vector_db,regex_processor,0.4821271298864536,230,25
0,oracle,22,factual-lookup,web_search,small_llm,0.2628147885799163,1500,150
0,oracle,23,math-calculation,knowledge_base,calculator,0.37990103417684795,180,25
0,oracle,24,code-snippet,vector_db,regex_processor,0.5187214347992755,230,25
0,oracle,25,text-summarization,vector_db,small_llm,0.4630840472731893,1150,105
0,oracle,26,math-calculation,knowledge_base,calculator,0.30677729334399584,180,25
0,oracle,27,factual-lookup,web_search,small_llm,0.24884480385661906,1500,150
0,oracle,28,text-summarization,vector_db,small_llm,0.5397681363953555,1150,105
0,oracle,29,text-summarization,vector_db,small_llm,0.4133993848880718,1150,105
0,oracle,30,code-snippet,vector_db,regex_processor,0.3549825613091878,230,25
0,oracle,31,code-snippet,vector_db,regex_processor,0.4496043490477435,230,25
0,oracle,32,code-snippet,vector_db,regex_processor,0.40989767301702174,230,25
0,oracle,33,factual-lookup,web_search,small_llm,0.36601804935409193,1500,150
0,oracle,34,factual-lookup,web_search,small_llm,0.18084486244821107,1500,150
0,oracle,35,math-calculation,knowledge_base,calculator,0.30960144871299433,180,25
0,oracle,36,text-summarization,vector_db,small_llm,0.5154657733501464,1150,105
0,oracle,37,text-summarization,vector_db,small_llm,0.5235147778029597,1150,105
0,oracle,38,factual-lookup,web_search,small_llm,0.29302262935862095,1500,150
0,oracle,39,factual-lookup,web_search,small_llm,0.3668308526252025,1500,150
0,oracle,40,math-calculation,knowledge_base,calculator,0.29785812075828005,180,25
0,oracle,41,code-snippet,vector_db,regex_processor,0.35935297087645157,230,25
0,oracle,42,code-snippet,vector_db,regex_processor,0.3807559069803943,230,25
0,oracle,43,text-summarization,vector_db,small_llm,0.5590582906206403,1150,105
0,oracle,44,math-calculation,knowledge_base,calculator,0.26926971043700343,180,25
0,oracle,45,factual-lookup,web_search,small_llm,0.33503159804482757,1500,150
0,oracle,46,text-summarization,vector_db,small_llm,0.4451578156954038,1150,105
0,oracle,47,factual-lookup,web_search,small_llm,0.3271316874081835,1500,150
0,oracle,48,text-summarization,vector_db,small_llm,0.47795493461903693,1150,105
0,oracle,49,factual-lookup,web_search,small_llm,0.1678905647239326,1500,150
0,oracle,50,text-summarization,vector_db,small_llm,0.5547354535375998,1150,105
0,oracle,51,math-calculation,knowledge_base,calculator,0.2735894607841471,180,25
0,oracle,52,code-snippet,vector_db,regex_processor,0.39314907742429256,230,25
0,oracle,53,math-calculation,knowledge_base,calculator,0.27134659524703636,180,25
0,oracle,54,math-calculation,knowledge_base,calculator,0.19433108510300184,180,25
0,oracle,55,math-calculation,knowledge_base,calculator,0.27325308988518715,180,25
0,oracle,56,math-calculation,knowledge_base,calculator,0.2997893762080089,180,25
0,oracle,57,text-summarization,vector_db,small_llm,0.4957182038380896,1150,105
0,oracle,58,code-snippet,vector_db,regex_processor,0.4829118344732372,230,25
0,oracle,59,text-summarization,vector_db,small_llm,0.5721866331151635,1150,105
0,oracle,60,code-snippet,vector_db,regex_processor,0.4636601109460516,230,25
0,oracle,61,math-calculation,knowledge_base,calculator,0.2784659070663064,180,25
0,oracle,62,factual-lookup,web_search,small_llm,0.22965649954440254,1500,150
0,oracle,63,factual-lookup,web_search,small_llm,0.23867497556085132,1500,150
0,oracle,64,code-snippet,vector_db,regex_processor,0.35509586174723556,230,25
0,oracle,65,code-snippet,vector_db,regex_processor,0.3785186190279197,230,25
0,oracle,66,text-summarization,vector_db,small_llm,0.5479335974585172,1150,105
0,oracle,67,factual-lookup,web_search,small_llm,0.3190337063696245,1500,150
0,oracle,68,text-summarization,vector_db,small_llm,0.6001132413386261,1150,105
0,oracle,69,factual-lookup,web_search,small_llm,0.25013783347232627,1500,150
0,oracle,70,text-summarization,vector_db,small_llm,0.5248831791996901,1150,105
0,oracle,71,code-snippet,vector_db,regex_processor,0.4327877922101373,230,25
0,oracle,72,factual-lookup,web_search,small_llm,0.26224743941552425,1500,150
0,oracle,73,math-calculation,knowledge_base,calculator,0.20543165286895076,180,25
0,oracle,74,math-calculation,knowledge_base,calculator,0.26681340757396615,180,25
0,oracle,75,text-summarization,vector_db,small_llm,0.4818536546019331,1150,105
0,oracle,76,text-summarization,vector_db,small_llm,0.43407994428682484,1150,105
0,oracle,77,text-summarization,vector_db,small_llm,0.4362934374690738,1150,105
0,oracle,78,factual-lookup,web_search,small_llm,0.2739023855209414,1500,150
0,oracle,79,math-calculation,knowledge_base,calculator,0.20703973492407401,180,25
0,oracle,80,code-snippet,vector_db,regex_processor,0.41490365310468097,230,25
0,oracle,81,factual-lookup,web_search,small_llm,0.24319531253704657,1500,150
0,oracle,82,code-snippet,vector_db,regex_processor,0.46873197078107814,230,25
0,oracle,83,text-summarization,vector_db,small_llm,0.44052715948917454,1150,105
0,oracle,84,math-calculation,knowledge_base,calculator,0.38936695331780496,180,25
0,oracle,85,text-summarization,vector_db,small_llm,0.5450942928510216,1150,105
0,oracle,86,code-snippet,vector_db,regex_processor,0.45198876523140075,230,25
0,oracle,87,code-snippet,vector_db,regex_processor,0.42328203892723826,230,25
0,oracle,88,factual-lookup,web_search,small_llm,0.2708629030205982,1500,150
0,oracle,89,factual-lookup,web_search,small_llm,0.201714888452519,1500,150
0,oracle,90,factual-lookup,web_search,small_llm,0.21486168952896362,1500,150
0,oracle,91,code-snippet,vector_db,regex_processor,0.42164152753889533,230,25
0,oracle,92,math-calculation,knowledge_base,calculator,0.2851565837201359,180,25
0,oracle,93,math-calculation,knowledge_base,calculator,0.2831710479720793,180,25
0,oracle,94,text-summarization,vector_db,small_llm,0.4909898622725408,1150,105
0,oracle,95,math-calculation,knowledge_base,calculator,0.1882018820758583,180,25
0,oracle,96,code-snippet,vector_db,regex_processor,0.44325695028171475,230,25
0,oracle,97,text-summarization,vector_db,small_llm,0.5158437467160233,1150,105
0,oracle,98,math-calculation,knowledge_base,calculator,0.2287791593787864,180,25
0,oracle,99,code-snippet,vector_db,regex_processor,0.40882265352903085,230,25
1,pheromone_router,0,factual-lookup,web_search,small_llm,0.3014846512442286,1500,150
1,pheromone_router,1,text-summarization,knowledge_base,small_llm,0.28448330464303817,1120,110
1,pheromone_router,2,code-snippet,web_search,regex_processor,0.26670461914665783,580,70
1,pheromone_router,3,code-snippet,vector_db,small_llm,0.3655850752472365,1150,105
1,pheromone_router,4,math-calculation,web_search,regex_processor,-0.0288738722246569,580,70
1,pheromone_router,5,math-calculation,vector_db,small_llm,-0.05606412723397797,1150,105
1,pheromone_router,6,math-calculation,vector_db,small_llm,-0.06092916040598617,1150,105
1,pheromone_router,7,factual-lookup,web_search,small_llm,0.24312743035696943,1500,150
1,pheromone_router,8,text-summarization,vector_db,small_llm,0.48853407832497986,1150,105
1,pheromone_router,9,text-summarization,web_search,small_llm,0.14059548658287524,1500,150
1,pheromone_router,10,factual-lookup,knowledge_base,small_llm,0.2743032338187965,1120,110
1,pheromone_router,11,factual-lookup,web_search,small_llm,0.35328167483226697,1500,150
1,pheromone_router,12,math-calculation,vector_db,regex_processor,0.08121742492549393,230,25
1,pheromone_router,13,code-snippet,web_search,small_llm,0.1439445227768104,1500,150
1,pheromone_router,14,text-summarization,knowledge_base,small_llm,0.2971853904581113,1120,110
1,pheromone_router,15,math-calculation,knowledge_base,small_llm,-0.02714246340582485,1120,110
1,pheromone_router,16,factual-lookup,knowledge_base,small_llm,0.2670375188234706,1120,110
1,pheromone_router,17,math-calculation,web_search,small_llm,-0.16128739483785404,1500,150
1,pheromone_router,18,factual-lookup,web_search,small_llm,0.3072128544030412,1500,150
1,pheromone_router,19,code-snippet,web_search,small_llm,0.22556881969630388,1500,150
1,pheromone_router,20,code-snippet,web_search,small_llm,0.29562391864657594,1500,150
1,pheromone_router,21,code-snippet,knowledge_base,small_llm,0.056307130388694254,1120,110
1,pheromone_router,22,factual-lookup,web_search,small_llm,0.21857491971703152,1500,150
1,pheromone_router,23,math-calculation,web_search,calculator,0.12932574929348745,560,65
1,pheromone_router,24,code-snippet,web_search,small_llm,0.24503845756146653,1500,150
1,pheromone_router,25,text-summarization,web_search,small_llm,0.23544469833416176,1500,150
1,pheromone_router,26,math-calculation,knowledge_base,small_llm,-0.06185005374993041,1120,110
1,pheromone_router,27,factual-lookup,web_search,small_llm,0.2815988965065958,1500,150
1,pheromone_router,28,text-summarization,web_search,small_llm,0.1971897554969011,1500,150
1,pheromone_router,29,text-summarization,knowledge_base,small_llm,0.14920608540728067,1120,110
1,pheromone_router,30,code-snippet,vector_db,regex_processor,0.39280979817768374,230,25
1,pheromone_router,31,code-snippet,vector_db,small_llm,0.37292922754013613,1150,105
1,pheromone_router,32,code-snippet,web_search,small_llm,0.11226258081852586,1500,150
1,pheromone_router,33,factual-lookup,knowledge_base,small_llm,0.24572939364277516,1120,110
1,pheromone_router,34,factual-lookup,web_search,small_llm,0.23700003818594345,1500,150
1,pheromone_router,35,math-calculation,web_search,small_llm,-0.1956779386807157,1500,150
1,pheromone_router,36,text-summarization,web_search,small_llm,0.18429960404482926,1500,150
1,pheromone_router,37,text-summarization,knowledge_base,small_llm,0.2475670698066729,1120,110
1,pheromone_router,38,factual-lookup,knowledge_base,small_llm,0.19800771581892593,1120,110
1,pheromone_router,39,factual-lookup,web_search,small_llm,0.30247480074860317,1500,150
1,pheromone_router,40,math-calculation,knowledge_base,calculator,0.3158686710861135,180,25
1,pheromone_router,41,code-snippet,vector_db,small_llm,0.32121983232017604,1150,105
1,pheromone_router,42,code-snippet,knowledge_base,small_llm,0.10177900757768163,1120,110
1,pheromone_router,43,text-summarization,web_search,small_llm,0.16474097758201867,1500,150
1,pheromone_router,44,math-calculation,vector_db,regex_processor,0.0420216186876151,230,25
1,pheromone_router,45,factual-lookup,web_search,small_llm,0.2688002624309707,1500,150
1,pheromone_router,46,text-summarization,knowledge_base,small_llm,0.24670467381791786,1120,110
1,pheromone_router,47,factual-lookup,web_search,small_llm,0.3269625369173517,1500,150
1,pheromone_router,48,text-summarization,web_search,small_llm,0.22087104255493933,1500,150
1,pheromone_router,49,factual-lookup,vector_db,small_llm,0.18980113905539112,1150,105
1,pheromone_router,50,text-summarization,knowledge_base,small_llm,0.276320562186833,1120,110
1,pheromone_router,51,math-calculation,vector_db,small_llm,-0.07780727703413148,1150,105
1,pheromone_router,52,code-snippet,knowledge_base,small_llm,0.12387733239218643,1120,110
1,pheromone_router,53,math-calculation,web_search,regex_processor,-0.04351144010595791,580,70
1,pheromone_router,54,math-calculation,knowledge_base,calculator,0.2369340899950474,180,25
1,pheromone_router,55,math-calculation,knowledge_base,regex_processor,0.06843592589825057,200,30
1,pheromone_router,56,math-calculation,web_search,small_llm,-0.15395638519377014,1500,150
1,pheromone_router,57,text-summarization,web_search,small_llm,0.1707891221901498,1500,150
1,pheromone_router,58,code-snippet,web_search,small_llm,0.1808341276118583,1500,150
1,pheromone_router,59,text-summarization,knowledge_base,small_llm,0.26745439738463794,1120,110
1,pheromone_router,60,code-snippet,vector_db,regex_processor,0.3727758271574513,230,25
1,pheromone_router,61,math-calculation,knowledge_base,small_llm,-0.04866695780852873,1120,110
1,pheromone_router,62,factual-lookup,vector_db,small_llm,0.22324164501004376,1150,105
1,pheromone_router,63,factual-lookup,web_search,small_llm,0.2658768662567433,1500,150
1,pheromone_router,64,code-snippet,vector_db,small_llm,0.26179594906311,1150,105
1,pheromone_router,65,code-snippet,vector_db,regex_processor,0.4273758623218455,230,25
1,pheromone_router,66,text-summarization,knowledge_base,small_llm,0.3260989088463879,1120,110
1,pheromone_router,67,factual-lookup,knowledge_base,small_llm,0.2576982709729818,1120,110
1,pheromone_router,68,text-summarization,vector_db,small_llm,0.5090634202427777,1150,105
1,pheromone_router,69,factual-lookup,web_search,regex_processor,0.12542448217218943,580,70
1,pheromone_router,70,text-summarization,web_search,small_llm,0.22424568429899033,1500,150
1,pheromone_router,71,code-snippet,vector_db,small_llm,0.2976180794551655,1150,105
1,pheromone_router,72,factual-lookup,web_search,small_llm,0.3377944372916096,1500,150
1,pheromone_router,73,math-calculation,web_search,small_llm,-0.1272625676685673,1500,150
1,pheromone_router,74,math-calculation,knowledge_base,small_llm,-0.06545079490699854,1120,110
1,pheromone_router,75,text-summarization,knowledge_base,small_llm,0.2411358266116709,1120,110
1,pheromone_router,76,text-summarization,knowledge_base,small_llm,0.27853477685113504,1120,110
1,pheromone_router,77,text-summarization,knowledge_base,small_llm,0.2347335023196309,1120,110
1,pheromone_router,78,factual-lookup,knowledge_base,small_llm,0.3684885947611105,1120,110
1,pheromone_router,79,math-calculation,web_search,small_llm,-0.15782409675985523,1500,150
1,pheromone_router,80,code-snippet,web_search,small_llm,0.17963945225807015,1500,150
1,pheromone_router,81,factual-lookup,knowledge_base,small_llm,0.2568428080098274,1120,110
1,pheromone_router,82,code-snippet,vector_db,small_llm,0.38276009175528125,1150,105
1,pheromone_router,83,text-summarization,web_search,small_llm,0.20897435588986296,1500,150
1,pheromone_router,84,math-calculation,vector_db,small_llm,-0.07166883111580943,1150,105
1,pheromone_router,85,text-summarization,knowledge_base,small_llm,0.16466225012543964,1120,110
1,pheromone_router,86,code-snippet,web_search,small_llm,0.17946998232982148,1500,150
1,pheromone_router,87,code-snippet,vector_db,small_llm,0.39765573152083644,1150,105
1,pheromone_router,88,factual-lookup,vector_db,small_llm,0.24323294463365155,1150,105
1,pheromone_router,89,factual-lookup,knowledge_base,small_llm,0.3906774604777503,1120,110
1,pheromone_router,90,factual-lookup,web_search,small_llm,0.20549118933188532,1500,150
1,pheromone_router,91,code-snippet,web_search,small_llm,0.18922428931936258,1500,150
1,pheromone_router,92,math-calculation,vector_db,small_llm,-0.02947341365082895,1150,105
1,pheromone_router,93,math-calculation,web_search,small_llm,-0.20351029470873533,1500,150
1,pheromone_router,94,text-summarization,knowledge_base,small_llm,0.20321770297771194,1120,110
1,pheromone_router,95,math-calculation,vector_db,small_llm,-0.04313944912175968,1150,105
1,pheromone_router,96,code-snippet,vector_db,small_llm,0.3656892798660697,1150,105
1,pheromone_router,97,text-summarization,knowledge_base,small_llm,0.29479220525124306,1120,110
1,pheromone_router,98,math-calculation,web_search,small_llm,-0.20981004998535968,1500,150
1,pheromone_router,99,code-snippet,vector_db,small_llm,0.40288525142241205,1150,105
1,random,0,factual-lookup,vector_db,regex_processor,0.11246021184412451,230,25
1,random,1,text-summarization,web_search,small_llm,0.2787900240015421,1500,150
1,random,2,code-snippet,knowledge_base,small_llm,0.15051861640135147,1120,110
1,random,3,code-snippet,knowledge_base,calculator,0.04825732916649686,180,25
1,random,4,math-calculation,web_search,calculator,0.11018727622022853,560,65
1,random,5,math-calculation,knowledge_base,regex_processor,0.0856474065115052,200,30
1,random,6,math-calculation,web_search,calculator,0.11149412220202704,560,65
1,random,7,factual-lookup,knowledge_base,calculator,0.08699620545300292,180,25
1,random,8,text-summarization,web_search,small_llm,0.12879100527731285,1500,150
1,random,9,text-summarization,web_search,calculator,-0.08687346613121835,560,65
1,random,10,factual-lookup,knowledge_base,calculator,0.01738545742151315,180,25
1,random,11,factual-lookup,vector_db,regex_processor,0.12274626066915621,230,25
1,random,12,math-calculation,web_search,regex_processor,-0.05955818033169678,580,70
1,random,13,code-snippet,vector_db,regex_processor,0.3439342107106992,230,25
1,random,14,text-summarization,web_search,calculator,-0.09833220139452163,560,65
1,random,15,math-calculation,web_search,regex_processor,-0.03366196352524918,580,70
1,random,16,factual-lookup,vector_db,small_llm,0.2386795228042176,1150,105
1,random,17,math-calculation,web_search,calculator,0.1526657623379164,560,65
1,random,18,factual-lookup,vector_db,calculator,0.053197128921468766,210,20
1,random,19,code-snippet,web_search,small_llm,0.14849114204501984,1500,150
1,random,20,code-snippet,web_search,calculator,-0.02840756139136999,560,65
1,random,21,code-snippet,vector_db,small_llm,0.32558009008680366,1150,105
1,random,22,factual-lookup,web_search,regex_processor,-0.011852920159784397,580,70
1,random,23,math-calculation,web_search,calculator,0.17937770248532303,560,65
1,random,24,code-snippet,web_search,regex_processor,0.3264085633808743,580,70
1,random,25,text-summarization,vector_db,small_llm,0.42181293587680624,1150,105
1,random,26,math-calculation,vector_db,small_llm,-0.05649456984601797,1150,105
1,random,27,factual-lookup,web_search,small_llm,0.1691771037015976,1500,150
1,random,28,text-summarization,knowledge_base,calculator,-0.033394709211113704,180,25
1,random,29,text-summarization,knowledge_base,regex_processor,0.11891548316414384,200,30
1,random,30,code-snippet,web_search,calculator,-0.0013407991618361176,560,65
1,random,31,code-snippet,vector_db,calculator,0.0204638560753709,210,20
1,random,32,code-snippet,vector_db,regex_processor,0.3617135707513553,230,25
1,random,33,factual-lookup,vector_db,regex_processor,0.11426852294631455,230,25
1,random,34,factual-lookup,knowledge_base,regex_processor,0.16748425948578305,200,30
1,random,35,math-calculation,web_search,regex_processor,-0.06112810365560763,580,70
1,random,36,text-summarization,knowledge_base,calculator,-0.035300774415891155,180,25
1,random,37,text-summarization,web_search,calculator,-0.07095239027174133,560,65
1,random,38,factual-lookup,web_search,calculator,-0.05989835176503962,560,65
1,random,39,factual-lookup,vector_db,regex_processor,0.10324636083684009,230,25
1,random,40,math-calculation,vector_db,small_llm,-0.12452174132851306,1150,105
1,random,41,code-snippet,knowledge_base,regex_processor,0.29278229097471287,200,30
1,random,42,code-snippet,knowledge_base,calculator,0.02483736029038143,180,25
1,random,43,text-summarization,web_search,calculator,-0.08020323434006094,560,65
1,random,44,math-calculation,web_search,small_llm,-0.15718752654234017,1500,150
1,random,45,factual-lookup,web_search,regex_processor,0.014417660247769332,580,70
1,random,46,text-summarization,vector_db,regex_processor,0.12222913541781273,230,25
1,random,47,factual-lookup,vector_db,calculator,0.02685467484994581,210,20
1,random,48,text-summarization,knowledge_base,small_llm,0.2275363599663078,1120,110
1,random,49,factual-lookup,web_search,regex_processor,0.008939054489284115,580,70
1,random,50,text-summarization,vector_db,regex_processor,0.13009938000172616,230,25
1,random,51,math-calculation,web_search,calculator,0.21261694195447395,560,65
1,random,52,code-snippet,web_search,regex_processor,0.3089070570706935,580,70
1,random,53,math-calculation,vector_db,regex_processor,0.02922838341062374,230,25
1,random,54,math-calculation,web_search,small_llm,-0.17650281483762686,1500,150
1,random,55,math-calculation,knowledge_base,regex_processor,0.11677869504209819,200,30
1,random,56,math-calculation,knowledge_base,small_llm,-0.034424853564308217,1120,110
1,random,57,text-summarization,web_search,regex_processor,0.03888309160595943,580,70
1,random,58,code-snippet,web_search,regex_processor,0.2472366285440395,580,70
1,random,59,text-summarization,vector_db,small_llm,0.4228920845382983,1150,105
1,random,60,code-snippet,web_search,regex_processor,0.35452095175276876,580,70
1,random,61,math-calculation,vector_db,calculator,0.21238898473140236,210,20
1,random,62,factual-lookup,knowledge_base,small_llm,0.19485623654704406,1120,110
1,random,63,factual-lookup,web_search,regex_processor,0.05380719565408856,580,70
1,random,64,code-snippet,vector_db,calculator,0.13548238751349134,210,20
1,random,65,code-snippet,web_search,regex_processor,0.24476693408138206,580,70
1,random,66,text-summarization,knowledge_base,regex_processor,0.11646219977952811,200,30
1,random,67,factual-lookup,vector_db,regex_processor,0.19022077829888873,230,25
1,random,68,text-summarization,knowledge_base,regex_processor,0.08813212280100714,200,30
1,random,69,factual-lookup,web_search,calculator,0.050453406024340286,560,65
1,random,70,text-summarization,vector_db,regex_processor,0.19099315024318386,230,25
1,random,71,code-snippet,web_search,regex_processor,0.26705208461941643,580,70
1,random,72,factual-lookup,vector_db,small_llm,0.15083584759130544,1150,105
1,random,73,math-calculation,knowledge_base,small_llm,-0.03773268817422862,1120,110
1,random,74,math-calculation,web_search,calculator,0.1562588227950492,560,65
1,random,75,text-summarization,vector_db,calculator,-0.024031216747227392,210,20
1,random,76,text-summarization,web_search,calculator,-0.121,560,65
1,random,77,text-summarization,web_search,small_llm,0.2509964443559011,1500,150
1,random,78,factual-lookup,vector_db,small_llm,0.1520171704809505,1150,105
1,random,79,math-calculation,web_search,calculator,0.058380939226411244,560,65
1,random,80,code-snippet,knowledge_base,calculator,0.027383206085155015,180,25
1,random,81,factual-lookup,vector_db,calculator,-0.02700146977680328,210,20
1,random,82,code-snippet,web_search,small_llm,0.14051695199131875,1500,150
1,random,83,text-summarization,vector_db,calculator,0.007507030060104357,210,20
1,random,84,math-calculation,knowledge_base,calculator,0.30133704070620715,180,25
1,random,85,text-summarization,vector_db,calculator,-0.020221754234193024,210,20
1,random,86,code-snippet,knowledge_base,regex_processor,0.24168266685234135,200,30
1,random,87,code-snippet,vector_db,calculator,0.09918138974751617,210,20
1,random,88,factual-lookup,knowledge_base,calculator,0.033324738115149424,180,25
1,random,89,factual-lookup,web_search,regex_processor,0.05967010490505631,580,70
1,random,90,factual-lookup,vector_db,regex_processor,0.06237680127682052,230,25
1,random,91,code-snippet,web_search,small_llm,0.17712182048970965,1500,150
1,random,92,math-calculation,knowledge_base,calculator,0.2705082473637221,180,25
1,random,93,math-calculation,web_search,regex_processor,-0.05854091142787832,580,70
1,random,94,text-summarization,vector_db,small_llm,0.4608843011534993,1150,105
1,random,95,math-calculation,knowledge_base,small_llm,-0.04781565417137543,1120,110
1,random,96,code-snippet,web_search,calculator,-0.047163444974318555,560,65
1,random,97,text-summarization,vector_db,regex_processor,0.19922990758607928,230,25
1,random,98,math-calculation,web_search,small_llm,-0.1390466871077222,1500,150
1,random,99,code-snippet,web_search,calculator,0.00990373259569921,560,65
1,greedy-cheapest,0,factual-lookup,vector_db,calculator,0.060194401588633505,210,20
1,greedy-cheapest,1,text-summarization,vector_db,calculator,-0.041,210,20
1,greedy-cheapest,2,code-snippet,vector_db,calculator,0.11357105186312022,210,20
1,greedy-cheapest,3,code-snippet,vector_db,calculator,0.10173672291734195,210,20
1,greedy-cheapest,4,math-calculation,vector_db,calculator,0.27554411633570536,210,20
1,greedy-cheapest,5,math-calculation,vector_db,calculator,0.26042111206578983,210,20
1,greedy-cheapest,6,math-calculation,vector_db,calculator,0.2147700397595543,210,20
1,greedy-cheapest,7,factual-lookup,vector_db,calculator,0.04682723256772104,210,20
1,greedy-cheapest,8,text-summarization,vector_db,calculator,-0.014396865388725602,210,20
1,greedy-cheapest,9,text-summarization,vector_db,calculator,-0.014596728205618723,210,20
1,greedy-cheapest,10,factual-lookup,vector_db,calculator,0.01938899919559793,210,20
1,greedy-cheapest,11,factual-lookup,vector_db,calculator,0.07396258387647392,210,20
1,greedy-cheapest,12,math-calculation,vector_db,calculator,0.10462139442799559,210,20
1,greedy-cheapest,13,code-snippet,vector_db,calculator,0.07371555845690897,210,20
1,greedy-cheapest,14,text-summarization,vector_db,calculator,0.0052997531790072785,210,20
1,greedy-cheapest,15,math-calculation,vector_db,calculator,0.3342060858879893,210,20
1,greedy-cheapest,16,factual-lookup,vector_db,calculator,0.09668057925808163,210,20
1,greedy-cheapest,17,math-calculation,vector_db,calculator,0.29133514981009234,210,20
1,greedy-cheapest,18,factual-lookup,vector_db,calculator,-0.029134859991285893,210,20
1,greedy-cheapest,19,code-snippet,vector_db,calculator,0.09426324533726196,210,20
1,greedy-cheapest,20,code-snippet,vector_db,calculator,0.056618012066813585,210,20
1,greedy-cheapest,21,code-snippet,vector_db,calculator,0.05774529391163639,210,20
1,greedy-cheapest,22,factual-lookup,vector_db,calculator,0.03182709833707017,210,20
1,greedy-cheapest,23,math-calculation,vector_db,calculator,0.24710430820357407,210,20
1,greedy-cheapest,24,code-snippet,vector_db,calculator,0.12522322838389485,210,20
1,greedy-cheapest,25,text-summarization,vector_db,calculator,-0.03403783221872834,210,20
1,greedy-cheapest,26,math-calculation,vector_db,calculator,0.28041216229174876,210,20
1,greedy-cheapest,27,factual-lookup,vector_db,calculator,-0.006472439719508762,210,20
1,greedy-cheapest,28,text-summarization,vector_db,calculator,-0.002012079968326863,210,20
1,greedy-cheapest,29,text-summarization,vector_db,calculator,-0.01741314838135493,210,20
1,greedy-cheapest,30,code-snippet,vector_db,calculator,0.09844363789325503,210,20
1,greedy-cheapest,31,code-snippet,vector_db,calculator,0.045907616359734844,210,20
1,greedy-cheapest,32,code-snippet,vector_db,calculator,0.0755935927692735,210,20
1,greedy-cheapest,33,factual-lookup,vector_db,calculator,0.05720788911980019,210,20
1,greedy-cheapest,34,factual-lookup,vector_db,calculator,0.02861106746470172,210,20
1,greedy-cheapest,35,math-calculation,vector_db,calculator,0.3076338853743969,210,20
1,greedy-cheapest,36,text-summarization,vector_db,calculator,0.021157281398071673,210,20
1,greedy-cheapest,37,text-summarization,vector_db,calculator,0.03129687755272493,210,20
1,greedy-cheapest,38,factual-lookup,vector_db,calculator,-0.023310850761708857,210,20
1,greedy-cheapest,39,factual-lookup,vector_db,calculator,0.01296857556115704,210,20
1,greedy-cheapest,40,math-calculation,vector_db,calculator,0.2942706804061828,210,20
1,greedy-cheapest,41,code-snippet,vector_db,calculator,0.03872153455184769,210,20
1,greedy-cheapest,42,code-snippet,vector_db,calculator,0.12143217560657615,210,20
1,greedy-cheapest,43,text-summarization,vector_db,calculator,-0.005138259573433272,210,20
1,greedy-cheapest,44,math-calculation,vector_db,calculator,0.2812786776888093,210,20
1,greedy-cheapest,45,factual-lookup,vector_db,calculator,0.04292006675649739,210,20
1,greedy-cheapest,46,text-summarization,vector_db,calculator,-0.013382507946892847,210,20
1,greedy-cheapest,47,factual-lookup,vector_db,calculator,-0.041,210,20
1,greedy-cheapest,48,text-summarization,vector_db,calculator,-0.0026205735136909866,210,20
1,greedy-cheapest,49,factual-lookup,vector_db,calculator,0.03233579281135627,210,20
1,greedy-cheapest,50,text-summarization,vector_db,calculator,0.025809242530429384,210,20
1,greedy-cheapest,51,math-calculation,vector_db,calculator,0.25272039579828365,210,20
1,greedy-cheapest,52,code-snippet,vector_db,calculator,0.1148004756727031,210,20
1,greedy-cheapest,53,math-calculation,vector_db,calculator,0.19069018660586826,210,20
1,greedy-cheapest,54,math-calculation,vector_db,calculator,0.3367585939506431,210,20
1,greedy-cheapest,55,math-calculation,vector_db,calculator,0.22117584795111436,210,20
1,greedy-cheapest,56,math-calculation,vector_db,calculator,0.24942943347586752,210,20
1,greedy-cheapest,57,text-summarization,vector_db,calculator,-0.0028984039122629188,210,20
1,greedy-cheapest,58,code-snippet,vector_db,calculator,0.0962763063964415,210,20
1,greedy-cheapest,59,text-summarization,vector_db,calculator,0.01716508485391239,210,20
1,greedy-cheapest,60,code-snippet,vector_db,calculator,0.0488782632691999,210,20
1,greedy-cheapest,61,math-calculation,vector_db,calculator,0.13568853843243409,210,20
1,greedy-cheapest,62,factual-lookup,vector_db,calculator,0.0003314837771406648,210,20
1,greedy-cheapest,63,factual-lookup,vector_db,calculator,0.041518881519443225,210,20
1,greedy-cheapest,64,code-snippet,vector_db,calculator,0.0652105222451363,210,20
1,greedy-cheapest,65,code-snippet,vector_db,calculator,0.1023458950912697,210,20
1,greedy-cheapest,66,text-summarization,vector_db,calculator,0.005625784171335427,210,20
1,greedy-cheapest,67,factual-lookup,vector_db,calculator,-0.0010733735657218677,210,20
1,greedy-cheapest,68,text-summarization,vector_db,calculator,-0.039179646167477336,210,20
1,greedy-cheapest,69,factual-lookup,vector_db,calculator,-0.010321047966928735,210,20
1,greedy-cheapest,70,text-summarization,vector_db,calculator,0.04442306874014575,210,20
1,greedy-cheapest,71,code-snippet,vector_db,calculator,0.0867235088120992,210,20
1,greedy-cheapest,72,factual-lookup,vector_db,calculator,0.016289477799424835,210,20
1,greedy-cheapest,73,math-calculation,vector_db,calculator,0.2475732316260921,210,20
1,greedy-cheapest,74,math-calculation,vector_db,calculator,0.24863041596211968,210,20
1,greedy-cheapest,75,text-summarization,vector_db,calculator,-0.024788040353677446,210,20
1,greedy-cheapest,76,text-summarization,vector_db,calculator,-0.03753058058397817,210,20
1,greedy-cheapest,77,text-summarization,vector_db,calculator,0.05495855984169854,210,20
1,greedy-cheapest,78,factual-lookup,vector_db,calculator,0.028254539316132123,210,20
1,greedy-cheapest,79,math-calculation,vector_db,calculator,0.14823147702599698,210,20
1,greedy-cheapest,80,code-snippet,vector_db,calculator,0.08977187026582581,210,20
1,greedy-cheapest,81,factual-lookup,vector_db,calculator,0.033591856052385315,210,20
1,greedy-cheapest,82,code-snippet,vector_db,calculator,0.11873204109585278,210,20
1,greedy-cheapest,83,text-summarization,vector_db,calculator,0.010306408273124588,210,20
1,greedy-cheapest,84,math-calculation,vector_db,calculator,0.22226879562357357,210,20
1,greedy-cheapest,85,text-summarization,vector_db,calculator,0.00037669726098825407,210,20
1,greedy-cheapest,86,code-snippet,vector_db,calculator,0.09434055534002864,210,20
1,greedy-cheapest,87,code-snippet,vector_db,calculator,0.09578897648643137,210,20
1,greedy-cheapest,88,factual-lookup,vector_db,calculator,-0.01324859979144024,210,20
1,greedy-cheapest,89,factual-lookup,vector_db,calculator,0.08039548152881079,210,20
1,greedy-cheapest,90,factual-lookup,vector_db,calculator,0.03730435692779007,210,20
1,greedy-cheapest,91,code-snippet,vector_db,calculator,0.16631140197383765,210,20
1,greedy-cheapest,92,math-calculation,vector_db,calculator,0.2765360674696615,210,20
1,greedy-cheapest,93,math-calculation,vector_db,calculator,0.2159329000325493,210,20
1,greedy-cheapest,94,text-summarization,vector_db,calculator,-0.0017186249260466788,210,20
1,greedy-cheapest,95,math-calculation,vector_db,calculator,0.23604642221436203,210,20
1,greedy-cheapest,96,code-snippet,vector_db,calculator,0.00398308009951432,210,20
1,greedy-cheapest,97,text-summarization,vector_db,calculator,-0.041,210,20
1,greedy-cheapest,98,math-calculation,vector_db,calculator,0.3103601916507973,210,20
1,greedy-cheapest,99,code-snippet,vector_db,calculator,0.05840720031442546,210,20
1,greedy-advertised,0,factual-lookup,web_search,small_llm,0.32010423318401765,1500,150
1,greedy-advertised,1,text-summarization,knowledge_base,small_llm,0.23504030166505538,1120,110
1,greedy-advertised,2,code-snippet,web_search,small_llm,0.26287918109908653,1500,150
1,greedy-advertised,3,code-snippet,web_search,small_llm,0.20383294750764186,1500,150
1,greedy-advertised,4,math-calculation,vector_db,small_llm,-0.04029419018229527,1150,105
1,greedy-advertised,5,math-calculation,vector_db,small_llm,-0.045978846543538926,1150,105
1,greedy-advertised,6,math-calculation,vector_db,small_llm,-0.07739619736990985,1150,105
1,greedy-advertised,7,factual-lookup,web_search,small_llm,0.28325982740865435,1500,150
1,greedy-advertised,8,text-summarization,knowledge_base,small_llm,0.24754633883501262,1120,110
1,greedy-advertised,9,text-summarization,knowledge_base,small_llm,0.20993229399605925,1120,110
1,greedy-advertised,10,factual-lookup,web_search,small_llm,0.2571475173923144,1500,150
1,greedy-advertised,11,factual-lookup,web_search,small_llm,0.35033621576528967,1500,150
1,greedy-advertised,12,math-calculation,vector_db,small_llm,-0.14508861227423606,1150,105
1,greedy-advertised,13,code-snippet,web_search,small_llm,0.1900909414940571,1500,150
1,greedy-advertised,14,text-summarization,knowledge_base,small_llm,0.2686971639286627,1120,110
1,greedy-advertised,15,math-calculation,vector_db,small_llm,-0.019327447345608234,1150,105
1,greedy-advertised,16,factual-lookup,web_search,small_llm,0.3537750991735608,1500,150
1,greedy-advertised,17,math-calculation,vector_db,small_llm,-0.026197704344836703,1150,105
1,greedy-advertised,18,factual-lookup,web_search,small_llm,0.1784140410808318,1500,150
1,greedy-advertised,19,code-snippet,web_search,small_llm,0.22043331430494723,1500,150
1,greedy-advertised,20,code-snippet,web_search,small_llm,0.13943713695831628,1500,150
1,greedy-advertised,21,code-snippet,web_search,small_llm,0.17876575337815342,1500,150
1,greedy-advertised,22,factual-lookup,web_search,small_llm,0.27156388698413286,1500,150
1,greedy-advertised,23,math-calculation,vector_db,small_llm,-0.06166079589311882,1150,105
1,greedy-advertised,24,code-snippet,web_search,small_llm,0.26329212333122815,1500,150
1,greedy-advertised,25,text-summarization,knowledge_base,small_llm,0.24712821932914583,1120,110
1,greedy-advertised,26,math-calculation,vector_db,small_llm,-0.04331836180963822,1150,105
1,greedy-advertised,27,factual-lookup,web_search,small_llm,0.24310923302672288,1500,150
1,greedy-advertised,28,text-summarization,knowledge_base,small_llm,0.2958897373551618,1120,110
1,greedy-advertised,29,text-summarization,knowledge_base,small_llm,0.18681689495318196,1120,110
1,greedy-advertised,30,code-snippet,web_search,small_llm,0.22051998360541908,1500,150
1,greedy-advertised,31,code-snippet,web_search,small_llm,0.13775493491706609,1500,150
1,greedy-advertised,32,code-snippet,web_search,small_llm,0.20424696412900306,1500,150
1,greedy-advertised,33,factual-lookup,web_search,small_llm,0.3135895234440355,1500,150
1,greedy-advertised,34,factual-lookup,web_search,small_llm,0.23157123476239821,1500,150
1,greedy-advertised,35,math-calculation,vector_db,small_llm,-0.026696024427621368,1150,105
1,greedy-advertised,36,text-summarization,knowledge_base,small_llm,0.23176757731263606,1120,110
1,greedy-advertised,37,text-summarization,knowledge_base,small_llm,0.2880034323973718,1120,110
1,greedy-advertised,38,factual-lookup,web_search,small_llm,0.19053602806548153,1500,150
1,greedy-advertised,39,factual-lookup,web_search,small_llm,0.24564545453073533,1500,150
1,greedy-advertised,40,math-calculation,vector_db,small_llm,-0.030398781767840055,1150,105
1,greedy-advertised,41,code-snippet,web_search,small_llm,0.10970684219796484,1500,150
1,greedy-advertised,42,code-snippet,web_search,small_llm,0.2694559067521172,1500,150
1,greedy-advertised,43,text-summarization,knowledge_base,small_llm,0.22256389891777575,1120,110
1,greedy-advertised,44,math-calculation,vector_db,small_llm,-0.03519889077212657,1150,105
1,greedy-advertised,45,factual-lookup,web_search,small_llm,0.30903219199962556,1500,150
1,greedy-advertised,46,text-summarization,knowledge_base,small_llm,0.24208581760937278,1120,110
1,greedy-advertised,47,factual-lookup,web_search,small_llm,0.1874572862460731,1500,150
1,greedy-advertised,48,text-summarization,knowledge_base,small_llm,0.2472274355573981,1120,110
1,greedy-advertised,49,factual-lookup,web_search,small_llm,0.24186223895382714,1500,150
1,greedy-advertised,50,text-summarization,knowledge_base,small_llm,0.24222103701652978,1120,110
1,greedy-advertised,51,math-calculation,vector_db,small_llm,-0.04862658457422489,1150,105
1,greedy-advertised,52,code-snippet,web_search,small_llm,0.2744555688839841,1500,150
1,greedy-advertised,53,math-calculation,vector_db,small_llm,-0.09848180881054056,1150,105
1,greedy-advertised,54,math-calculation,vector_db,small_llm,-0.008939164575958919,1150,105
1,greedy-advertised,55,math-calculation,vector_db,small_llm,-0.07202000567474767,1150,105
1,greedy-advertised,56,math-calculation,vector_db,small_llm,-0.047889451836466146,1150,105
1,greedy-advertised,57,text-summarization,knowledge_base,small_llm,0.2549564945021763,1120,110
1,greedy-advertised,58,code-snippet,web_search,small_llm,0.1928785452160014,1500,150
1,greedy-advertised,59,text-summarization,knowledge_base,small_llm,0.21881746435088859,1120,110
1,greedy-advertised,60,code-snippet,web_search,small_llm,0.223217947536627,1500,150
1,greedy-advertised,61,math-calculation,vector_db,small_llm,-0.11737153358024943,1150,105
1,greedy-advertised,62,factual-lookup,web_search,small_llm,0.2499537575564053,1500,150
1,greedy-advertised,63,factual-lookup,web_search,small_llm,0.25861359922164945,1500,150
1,greedy-advertised,64,code-snippet,web_search,small_llm,0.16015213427808306,1500,150
1,greedy-advertised,65,code-snippet,web_search,small_llm,0.21070207220831744,1500,150
1,greedy-advertised,66,text-summarization,knowledge_base,small_llm,0.24041364240764304,1120,110
1,greedy-advertised,67,factual-lookup,web_search,small_llm,0.2249549061662936,1500,150
1,greedy-advertised,68,text-summarization,knowledge_base,small_llm,0.21480816804867667,1120,110
1,greedy-advertised,69,factual-lookup,web_search,small_llm,0.2167934988352444,1500,150
1,greedy-advertised,70,text-summarization,knowledge_base,small_llm,0.22335528153523784,1120,110
1,greedy-advertised,71,code-snippet,web_search,small_llm,0.2061297767158557,1500,150
1,greedy-advertised,72,factual-lookup,web_search,small_llm,0.2648171757655044,1500,150
1,greedy-advertised,73,math-calculation,vector_db,small_llm,-0.05515039538182559,1150,105
1,greedy-advertised,74,math-calculation,vector_db,small_llm,-0.0654415246461349,1150,105
1,greedy-advertised,75,text-summarization,knowledge_base,small_llm,0.27659281328757035,1120,110
1,greedy-advertised,76,text-summarization,knowledge_base,small_llm,0.18270180502687158,1120,110
1,greedy-advertised,77,text-summarization,knowledge_base,small_llm,0.2584727327822338,1120,110
1,greedy-advertised,78,factual-lookup,web_search,small_llm,0.24186709034979187,1500,150
1,greedy-advertised,79,math-calculation,vector_db,small_llm,-0.11380529927505557,1150,105
1,greedy-advertised,80,code-snippet,web_search,small_llm,0.24059943713894966,1500,150
1,greedy-advertised,81,factual-lookup,web_search,small_llm,0.26175187125603344,1500,150
1,greedy-advertised,82,code-snippet,web_search,small_llm,0.2608278290807054,1500,150
1,greedy-advertised,83,text-summarization,knowledge_base,small_llm,0.3529531382957618,1120,110
1,greedy-advertised,84,math-calculation,vector_db,small_llm,-0.07299438723173832,1150,105
1,greedy-advertised,85,text-summarization,knowledge_base,small_llm,0.2522550454146202,1120,110
1,greedy-advertised,86,code-snippet,web_search,small_llm,0.21392973656283149,1500,150
1,greedy-advertised,87,code-snippet,web_search,small_llm,0.1604122771263401,1500,150
1,greedy-advertised,88,factual-lookup,web_search,small_llm,0.1987184347799461,1500,150
1,greedy-advertised,89,factual-lookup,web_search,small_llm,0.35380583561217266,1500,150
1,greedy-advertised,90,factual-lookup,web_search,small_llm,0.2926445520883451,1500,150
1,greedy-advertised,91,code-snippet,web_search,small_llm,0.24983532370471545,1500,150
1,greedy-advertised,92,math-calculation,vector_db,small_llm,-0.05038949287456096,1150,105
1,greedy-advertised,93,math-calculation,vector_db,small_llm,-0.07530488476829617,1150,105
1,greedy-advertised,94,text-summarization,knowledge_base,small_llm,0.1827105940465025,1120,110
1,greedy-advertised,95,math-calculation,vector_db,small_llm,-0.050637773657887575,1150,105
1,greedy-advertised,96,code-snippet,web_search,small_llm,0.1630313202610193,1500,150
1,greedy-advertised,97,text-summarization,knowledge_base,small_llm,0.21437555390434196,1120,110
1,greedy-advertised,98,math-calculation,vector_db,small_llm,-0.021497025333045927,1150,105
1,greedy-advertised,99,code-snippet,web_search,small_llm,0.19989318933251105,1500,150
1,oracle,0,factual-lookup,web_search,small_llm,0.32010423318401765,1500,150
1,oracle,1,text-summarization,vector_db,small_llm,0.45825083627000085,1150,105
1,oracle,2,code-snippet,vector_db,regex_processor,0.45420494852994825,230,25
1,oracle,3,code-snippet,vector_db,regex_processor,0.4063128920333348,230,25
1,oracle,4,math-calculation,knowledge_base,calculator,0.32327944757734417,180,25
1,oracle,5,math-calculation,knowledge_base,calculator,0.3084211120657898,180,25
1,oracle,6,math-calculation,knowledge_base,calculator,0.26136276488957166,180,25
1,oracle,7,factual-lookup,web_search,small_llm,0.28325982740865435,1500,150
1,oracle,8,text-summarization,vector_db,small_llm,0.4833906294479491,1150,105
1,oracle,9,text-summarization,vector_db,small_llm,0.44621739098832336,1150,105
1,oracle,10,factual-lookup,web_search,small_llm,0.2571475173923144,1500,150
1,oracle,11,factual-lookup,web_search,small_llm,0.35033621576528967,1500,150
1,oracle,12,math-calculation,knowledge_base,calculator,0.1468988613130764,180,25
1,oracle,13,code-snippet,vector_db,regex_processor,0.3873462561555299,230,25
1,oracle,14,text-summarization,vector_db,small_llm,0.5109136880664448,1150,105
1,oracle,15,math-calculation,knowledge_base,calculator,0.37842603398125857,180,25
1,oracle,16,factual-lookup,web_search,small_llm,0.3537750991735608,1500,150
1,oracle,17,math-calculation,knowledge_base,calculator,0.33933514981009233,180,25
1,oracle,18,factual-lookup,web_search,small_llm,0.1784140410808318,1500,150
1,oracle,19,code-snippet,vector_db,regex_processor,0.4164498639428305,230,25
1,oracle,20,code-snippet,vector_db,regex_processor,0.3439342107106992,230,25
1,oracle,21,code-snippet,vector_db,regex_processor,0.3739442019184557,230,25
1,oracle,22,factual-lookup,web_search,small_llm,0.27156388698413286,1500,150
1,oracle,23,math-calculation,knowledge_base,calculator,0.2928385790577883,180,25
1,oracle,24,code-snippet,vector_db,regex_processor,0.45806693017854033,230,25
1,oracle,25,text-summarization,vector_db,small_llm,0.476400341486767,1150,105
1,oracle,26,math-calculation,knowledge_base,calculator,0.3261585622455811,180,25
1,oracle,27,factual-lookup,web_search,small_llm,0.24310923302672288,1500,150
1,oracle,28,text-summarization,vector_db,small_llm,0.5351389441724683,1150,105
1,oracle,29,text-summarization,vector_db,small_llm,0.42239315155359647,1150,105
1,oracle,30,code-snippet,vector_db,regex_processor,0.4177961948625436,230,25
1,oracle,31,code-snippet,vector_db,regex_processor,0.3393529132362105,230,25
1,oracle,32,code-snippet,vector_db,regex_processor,0.3985832060904505,230,25
1,oracle,33,factual-lookup,web_search,small_llm,0.3135895234440355,1500,150
1,oracle,34,factual-lookup,web_search,small_llm,0.23157123476239821,1500,150
1,oracle,35,math-calculation,knowledge_base,calculator,0.35389006826347064,180,25
1,oracle,36,text-summarization,vector_db,small_llm,0.480670625152381,1150,105
1,oracle,37,text-summarization,vector_db,small_llm,0.5387019707820914,1150,105
1,oracle,38,factual-lookup,web_search,small_llm,0.19053602806548153,1500,150
1,oracle,39,factual-lookup,web_search,small_llm,0.24564545453073533,1500,150
1,oracle,40,math-calculation,knowledge_base,calculator,0.34175476252712567,180,25
1,oracle,41,code-snippet,vector_db,regex_processor,0.3159503037409702,230,25
1,oracle,42,code-snippet,vector_db,regex_processor,0.46152690152125747,230,25
1,oracle,43,text-summarization,vector_db,small_llm,0.46205078896068474,1150,105
1,oracle,44,math-calculation,knowledge_base,calculator,0.3292786776888093,180,25
1,oracle,45,factual-lookup,web_search,small_llm,0.30903219199962556,1500,150
1,oracle,46,text-summarization,vector_db,small_llm,0.4783502167995247,1150,105
1,oracle,47,factual-lookup,web_search,small_llm,0.1874572862460731,1500,150
1,oracle,48,text-summarization,vector_db,small_llm,0.4871399368571988,1150,105
1,oracle,49,factual-lookup,web_search,small_llm,0.24186223895382714,1500,150
1,oracle,50,text-summarization,vector_db,small_llm,0.4925015969704766,1150,105
1,oracle,51,math-calculation,knowledge_base,calculator,0.30072039579828364,180,25
1,oracle,52,code-snippet,vector_db,regex_processor,0.46327156580198364,230,25
1,oracle,53,math-calculation,knowledge_base,calculator,0.23390439002660668,180,25
1,oracle,54,math-calculation,knowledge_base,calculator,0.3834803634676742,180,25
1,oracle,55,math-calculation,knowledge_base,calculator,0.26853649067126645,180,25
1,oracle,56,math-calculation,knowledge_base,calculator,0.29742943347586753,180,25
1,oracle,57,text-summarization,vector_db,small_llm,0.49462836429740653,1150,105
1,oracle,58,code-snippet,vector_db,regex_processor,0.39641181337061737,230,25
1,oracle,59,text-summarization,vector_db,small_llm,0.4666410823479381,1150,105
1,oracle,60,code-snippet,vector_db,regex_processor,0.4049767010939532,230,25
1,oracle,61,math-calculation,knowledge_base,calculator,0.1836885384324341,180,25
1,oracle,62,factual-lookup,web_search,small_llm,0.2499537575564053,1500,150
1,oracle,63,factual-lookup,web_search,small_llm,0.25861359922164945,1500,150
1,oracle,64,code-snippet,vector_db,regex_processor,0.3621924824936786,230,25
1,oracle,65,code-snippet,vector_db,regex_processor,0.4116429584241753,230,25
1,oracle,66,text-summarization,vector_db,small_llm,0.48338717790864505,1150,105
1,oracle,67,factual-lookup,web_search,small_llm,0.2249549061662936,1500,150
1,oracle,68,text-summarization,vector_db,small_llm,0.4424281722340777,1150,105
1,oracle,69,factual-lookup,web_search,small_llm,0.2167934988352444,1500,150
1,oracle,70,text-summarization,vector_db,small_llm,0.4753552815352379,1150,105
1,oracle,71,code-snippet,vector_db,regex_processor,0.4033939033044656,230,25
1,oracle,72,factual-lookup,web_search,small_llm,0.2648171757655044,1500,150
1,oracle,73,math-calculation,knowledge_base,calculator,0.2955732316260921,180,25
1,oracle,74,math-calculation,knowledge_base,calculator,0.29273217414478864,180,25
1,oracle,75,text-summarization,vector_db,small_llm,0.5087123764964574,1150,105
1,oracle,76,text-summarization,vector_db,small_llm,0.4109458666518835,1150,105
1,oracle,77,text-summarization,vector_db,small_llm,0.5104727327822339,1150,105
1,oracle,78,factual-lookup,web_search,small_llm,0.24186709034979187,1500,150
1,oracle,79,math-calculation,knowledge_base,calculator,0.195227559693134,180,25
1,oracle,80,code-snippet,vector_db,regex_processor,0.43026103070272603,230,25
1,oracle,81,factual-lookup,web_search,small_llm,0.26175187125603344,1500,150
1,oracle,82,code-snippet,vector_db,regex_processor,0.454235834874619,230,25
1,oracle,83,text-summarization,vector_db,small_llm,0.5950677316999652,1150,105
1,oracle,84,math-calculation,knowledge_base,calculator,0.268953847648607,180,25
1,oracle,85,text-summarization,vector_db,small_llm,0.49311426270809666,1150,105
1,oracle,86,code-snippet,vector_db,regex_processor,0.41158986000929276,230,25
1,oracle,87,code-snippet,vector_db,regex_processor,0.37201772497105356,230,25
1,oracle,88,factual-lookup,web_search,small_llm,0.1987184347799461,1500,150
1,oracle,89,factual-lookup,web_search,small_llm,0.35380583561217266,1500,150
1,oracle,90,factual-lookup,web_search,small_llm,0.2926445520883451,1500,150
1,oracle,91,code-snippet,vector_db,regex_processor,0.4610058943395388,230,25
1,oracle,92,math-calculation,knowledge_base,calculator,0.32068783079380403,180,25
1,oracle,93,math-calculation,knowledge_base,calculator,0.26315034815397903,180,25
1,oracle,94,text-summarization,vector_db,small_llm,0.42431847413413404,1150,105
1,oracle,95,math-calculation,knowledge_base,calculator,0.28404642221436205,180,25
1,oracle,96,code-snippet,vector_db,regex_processor,0.34603694669022045,230,25
1,oracle,97,text-summarization,vector_db,small_llm,0.4336572101602959,1150,105
1,oracle,98,math-calculation,knowledge_base,calculator,0.3577804563236168,180,25
1,oracle,99,code-snippet,vector_db,regex_processor,0.39011733661910036,230,25
2,pheromone_router,0,factual-lookup,knowledge_base,regex_processor,0.15045446642424082,200,30
2,pheromone_router,1,text-summarization,knowledge_base,small_llm,0.25837526361266927,1120,110
2,pheromone_router,2,code-snippet,web_search,small_llm,0.2104295369443719,1500,150
2,pheromone_router,3,code-snippet,knowledge_base,small_llm,0.16283590124459976,1120,110
2,pheromone_router,4,math-calculation,web_search,calculator,0.19823056790040988,560,65
2,pheromone_router,5,math-calculation,web_search,small_llm,-0.12852938009700876,1500,150
2,pheromone_router,6,math-calculation,vector_db,small_llm,-0.06413361081641825,1150,105
2,pheromone_router,7,factual-lookup,vector_db,small_llm,0.22758856041238942,1150,105
2,pheromone_router,8,text-summarization,knowledge_base,small_llm,0.329743311996477,1120,110
2,pheromone_router,9,text-summarization,web_search,small_llm,0.3095252897779264,1500,150
2,pheromone_router,10,factual-lookup,knowledge_base,regex_processor,0.13391691779075698,200,30
2,pheromone_router,11,factual-lookup,knowledge_base,small_llm,0.2361998644866489,1120,110
2,pheromone_router,12,math-calculation,vector_db,small_llm,-0.056190441131430485,1150,105
2,pheromone_router,13,code-snippet,vector_db,small_llm,0.3801034254335506,1150,105
2,pheromone_router,14,text-summarization,vector_db,regex_processor,0.1723794339267516,230,25
2,pheromone_router,15,math-calculation,vector_db,small_llm,-0.012865967353495406,1150,105
2,pheromone_router,16,factual-lookup,vector_db,small_llm,0.17761577871007986,1150,105
2,pheromone_router,17,math-calculation,vector_db,small_llm,-0.052950544258570875,1150,105
2,pheromone_router,18,factual-lookup,vector_db,small_llm,0.21910182661846897,1150,105
2,pheromone_router,19,code-snippet,web_search,regex_processor,0.1988376221853051,580,70
2,pheromone_router,20,code-snippet,knowledge_base,small_llm,0.1166494847068871,1120,110
2,pheromone_router,21,code-snippet,web_search,small_llm,0.1433933744711282,1500,150
2,pheromone_router,22,factual-lookup,web_search,small_llm,0.3130180209037002,1500,150
2,pheromone_router,23,math-calculation,vector_db,calculator,0.2367771587147228,210,20
2,pheromone_router,24,code-snippet,vector_db,small_llm,0.2895252349460996,1150,105
2,pheromone_router,25,text-summarization,web_search,small_llm,0.2599461901665659,1500,150
2,pheromone_router,26,math-calculation,knowledge_base,small_llm,-0.05876569738780041,1120,110
2,pheromone_router,27,factual-lookup,knowledge_base,small_llm,0.2440844733957996,1120,110
2,pheromone_router,28,text-summarization,vector_db,small_llm,0.5655710742351251,1150,105
2,pheromone_router,29,text-summarization,vector_db,small_llm,0.41397253773061293,1150,105
2,pheromone_router,30,code-snippet,web_search,regex_processor,0.2515573166095172,580,70
2,pheromone_router,31,code-snippet,web_search,small_llm,0.16575687865364652,1500,150
2,pheromone_router,32,code-snippet,web_search,small_llm,0.20707399703672374,1500,150
2,pheromone_router,33,factual-lookup,knowledge_base,small_llm,0.24452457956719778,1120,110
2,pheromone_router,34,factual-lookup,vector_db,small_llm,0.17184408733152842,1150,105
2,pheromone_router,35,math-calculation,vector_db,small_llm,-0.05172121014455158,1150,105
2,pheromone_router,36,text-summarization,knowledge_base,small_llm,0.265684719385472,1120,110
2,pheromone_router,37,text-summarization,knowledge_base,small_llm,0.3373926654178492,1120,110
2,pheromone_router,38,factual-lookup,vector_db,small_llm,0.12485794642051481,1150,105
2,pheromone_router,39,factual-lookup,knowledge_base,small_llm,0.3223395033473757,1120,110
2,pheromone_router,40,math-calculation,vector_db,small_llm,-0.06843409036423448,1150,105
2,pheromone_router,41,code-snippet,vector_db,small_llm,0.2804770309787805,1150,105
2,pheromone_router,42,code-snippet,knowledge_base,small_llm,0.07604651930446707,1120,110
2,pheromone_router,43,text-summarization,knowledge_base,regex_processor,0.09713697228208733,200,30
2,pheromone_router,44,math-calculation,knowledge_base,small_llm,0.00466924931206561,1120,110
2,pheromone_router,45,factual-lookup,knowledge_base,regex_processor,0.07224875284420597,200,30
2,pheromone_router,46,text-summarization,web_search,small_llm,0.14084101587586045,1500,150
2,pheromone_router,47,factual-lookup,vector_db,small_llm,0.19885725549744668,1150,105
2,pheromone_router,48,text-summarization,knowledge_base,small_llm,0.13056083868858911,1120,110
2,pheromone_router,49,factual-lookup,web_search,small_llm,0.23378683201715517,1500,150
2,pheromone_router,50,text-summarization,knowledge_base,small_llm,0.2407787852235773,1120,110
2,pheromone_router,51,math-calculation,vector_db,small_llm,-0.06819508710469585,1150,105
2,pheromone_router,52,code-snippet,vector_db,small_llm,0.396022576096258,1150,105
2,pheromone_router,53,math-calculation,web_search,small_llm,-0.14536985996042667,1500,150
2,pheromone_router,54,math-calculation,knowledge_base,regex_processor,0.09602946777518055,200,30
2,pheromone_router,55,math-calculation,vector_db,small_llm,-0.061279053690877244,1150,105
2,pheromone_router,56,math-calculation,vector_db,regex_processor,0.046692428181043966,230,25
2,pheromone_router,57,text-summarization,web_search,small_llm,0.22239306129289854,1500,150
2,pheromone_router,58,code-snippet,knowledge_base,small_llm,0.15902114165027645,1120,110
2,pheromone_router,59,text-summarization,knowledge_base,small_llm,0.328581088993122,1120,110
2,pheromone_router,60,code-snippet,web_search,small_llm,0.21018169006422444,1500,150
2,pheromone_router,61,math-calculation,vector_db,small_llm,-0.059685433961142925,1150,105
2,pheromone_router,62,factual-lookup,knowledge_base,small_llm,0.19239649508091447,1120,110
2,pheromone_router,63,factual-lookup,web_search,small_llm,0.22380977150143738,1500,150
2,pheromone_router,64,code-snippet,web_search,regex_processor,0.3124654431545913,580,70
2,pheromone_router,65,code-snippet,knowledge_base,small_llm,0.08330760001869017,1120,110
2,pheromone_router,66,text-summarization,knowledge_base,small_llm,0.2971351665264764,1120,110
2,pheromone_router,67,factual-lookup,knowledge_base,small_llm,0.2349699151028539,1120,110
2,pheromone_router,68,text-summarization,web_search,small_llm,0.13289659291237615,1500,150
2,pheromone_router,69,factual-lookup,knowledge_base,small_llm,0.2002354180362423,1120,110
2,pheromone_router,70,text-summarization,knowledge_base,small_llm,0.28276150156612134,1120,110
2,pheromone_router,71,code-snippet,web_search,calculator,-0.01435560011469543,560,65
2,pheromone_router,72,factual-lookup,knowledge_base,small_llm,0.24724108754711813,1120,110
2,pheromone_router,73,math-calculation,knowledge_base,small_llm,0.024511412956420203,1120,110
2,pheromone_router,74,math-calculation,knowledge_base,small_llm,-0.013822247523874093,1120,110
2,pheromone_router,75,text-summarization,knowledge_base,small_llm,0.2891202905675273,1120,110
2,pheromone_router,76,text-summarization,knowledge_base,small_llm,0.19515565055811393,1120,110
2,pheromone_router,77,text-summarization,knowledge_base,small_llm,0.18034991212074228,1120,110
2,pheromone_router,78,factual-lookup,knowledge_base,small_llm,0.23851123666755633,1120,110
2,pheromone_router,79,math-calculation,web_search,regex_processor,-0.010383316205363313,580,70
2,pheromone_router,80,code-snippet,web_search,small_llm,0.2772206310398771,1500,150
2,pheromone_router,81,factual-lookup,vector_db,small_llm,0.18886173722954644,1150,105
2,pheromone_router,82,code-snippet,vector_db,small_llm,0.3474815660243017,1150,105
2,pheromone_router,83,text-summarization,web_search,small_llm,0.22867670695962555,1500,150
2,pheromone_router,84,math-calculation,knowledge_base,small_llm,0.001304751938718235,1120,110
2,pheromone_router,85,text-summarization,vector_db,small_llm,0.44033196589096013,1150,105
2,pheromone_router,86,code-snippet,knowledge_base,small_llm,0.07312728613777816,1120,110
2,pheromone_router,87,code-snippet,vector_db,small_llm,0.2942140947389298,1150,105
2,pheromone_router,88,factual-lookup,web_search,small_llm,0.34217483424514933,1500,150
2,pheromone_router,89,factual-lookup,vector_db,small_llm,0.18875179086524715,1150,105
2,pheromone_router,90,factual-lookup,vector_db,small_llm,0.20749351371207345,1150,105
2,pheromone_router,91,code-snippet,web_search,small_llm,0.173002462878395,1500,150
2,pheromone_router,92,math-calculation,vector_db,small_llm,-0.048194957694547125,1150,105
2,pheromone_router,93,math-calculation,knowledge_base,small_llm,-0.05024628729550393,1120,110
2,pheromone_router,94,text-summarization,web_search,small_llm,0.2255907045083097,1500,150
2,pheromone_router,95,math-calculation,vector_db,small_llm,-0.08095352189278698,1150,105
2,pheromone_router,96,code-snippet,web_search,small_llm,0.16298489780267778,1500,150
2,pheromone_router,97,text-summarization,web_search,small_llm,0.2669810676585959,1500,150
2,pheromone_router,98,math-calculation,knowledge_base,small_llm,-0.023276731238942472,1120,110
2,pheromone_router,99,code-snippet,knowledge_base,small_llm,0.10689637171980862,1120,110
2,random,0,factual-lookup,web_search,calculator,-0.047694439709667094,560,65
2,random,1,text-summarization,vector_db,calculator,0.04905339807560508,210,20
2,random,2,code-snippet,web_search,calculator,0.01571839263257488,560,65
2,random,3,code-snippet,knowledge_base,regex_processor,0.25724475492685794,200,30
2,random,4,math-calculation,web_search,regex_processor,-0.03905694311656174,580,70
2,random,5,math-calculation,knowledge_base,regex_processor,0.08945229575800699,200,30
2,random,6,math-calculation,vector_db,regex_processor,0.06489945033370323,230,25
2,random,7,factual-lookup,vector_db,regex_processor,0.11001259876619764,230,25
2,random,8,text-summarization,web_search,calculator,-0.030955793600120393,560,65
2,random,9,text-summarization,vector_db,small_llm,0.36042795904842817,1150,105
2,random,10,factual-lookup,web_search,calculator,0.02621184311309188,560,65
2,random,11,factual-lookup,vector_db,small_llm,0.21640801552259406,1150,105
2,random,12,math-calculation,vector_db,regex_processor,0.06997068139057606,230,25
2,random,13,code-snippet,knowledge_base,regex_processor,0.275625364820692,200,30
2,random,14,text-summarization,knowledge_base,small_llm,0.18918200058600357,1120,110
2,random,15,math-calculation,vector_db,regex_processor,0.0863870230443267,230,25
2,random,16,factual-lookup,knowledge_base,calculator,0.08695694155801399,180,25
2,random,17,math-calculation,vector_db,regex_processor,0.09377479813659638,230,25
2,random,18,factual-lookup,vector_db,regex_processor,0.1910535007493498,230,25
2,random,19,code-snippet,knowledge_base,small_llm,0.09120318193288682,1120,110
2,random,20,code-snippet,web_search,calculator,-0.00824177982393047,560,65
2,random,21,code-snippet,knowledge_base,calculator,0.0204394498993173,180,25
2,random,22,factual-lookup,knowledge_base,regex_processor,0.12631452608017357,200,30
2,random,23,math-calculation,vector_db,regex_processor,0.10203423109167538,230,25
2,random,24,code-snippet,knowledge_base,regex_processor,0.2451042475830159,200,30
2,random,25,text-summarization,vector_db,small_llm,0.4857466709274614,1150,105
2,random,26,math-calculation,web_search,regex_processor,-0.02341704680777991,580,70
2,random,27,factual-lookup,vector_db,small_llm,0.2228545216610762,1150,105
2,random,28,text-summarization,knowledge_base,calculator,-0.04067180273109012,180,25
2,random,29,text-summarization,vector_db,calculator,0.044947093441780044,210,20
2,random,30,code-snippet,vector_db,regex_processor,0.4329170806609982,230,25
2,random,31,code-snippet,web_search,regex_processor,0.25652410287019206,580,70
2,random,32,code-snippet,vector_db,calculator,0.06257313089979152,210,20
2,random,33,factual-lookup,web_search,regex_processor,-0.01756718213814494,580,70
2,random,34,factual-lookup,knowledge_base,calculator,0.0762529002764522,180,25
2,random,35,math-calculation,knowledge_base,calculator,0.4279441882608324,180,25
2,random,36,text-summarization,web_search,small_llm,0.27770412354322443,1500,150
2,random,37,text-summarization,knowledge_base,regex_processor,0.09368005015002571,200,30
2,random,38,factual-lookup,web_search,small_llm,0.2891056797048385,1500,150
2,random,39,factual-lookup,web_search,small_llm,0.3382677341883061,1500,150
2,random,40,math-calculation,knowledge_base,calculator,0.2627952395118453,180,25
2,random,41,code-snippet,vector_db,regex_processor,0.45975068599008945,230,25
2,random,42,code-snippet,web_search,regex_processor,0.2575408231088476,580,70
2,random,43,text-summarization,web_search,small_llm,0.1919956369953731,1500,150
2,random,44,math-calculation,vector_db,regex_processor,0.08361409333133678,230,25
2,random,45,factual-lookup,vector_db,regex_processor,0.157881175484473,230,25
2,random,46,text-summarization,vector_db,calculator,-0.03852594398106296,210,20
2,random,47,factual-lookup,vector_db,calculator,0.016372915792129933,210,20
2,random,48,text-summarization,vector_db,small_llm,0.44055370239084823,1150,105
2,random,49,factual-lookup,knowledge_base,small_llm,0.2968918553912121,1120,110
2,random,50,text-summarization,vector_db,regex_processor,0.1706648021826056,230,25
2,random,51,math-calculation,web_search,regex_processor,-0.03746026587037338,580,70
2,random,52,code-snippet,vector_db,small_llm,0.36852359588676065,1150,105
2,random,53,math-calculation,web_search,calculator,0.1029687132705053,560,65
2,random,54,math-calculation,knowledge_base,small_llm,-0.07097684873505772,1120,110
2,random,55,math-calculation,vector_db,small_llm,-0.06520927551211261,1150,105
2,random,56,math-calculation,vector_db,regex_processor,0.08904224678807142,230,25
2,random,57,text-summarization,knowledge_base,small_llm,0.27666811578050676,1120,110
2,random,58,code-snippet,web_search,small_llm,0.27090208067005056,1500,150
2,random,59,text-summarization,knowledge_base,small_llm,0.22678957594909002,1120,110
2,random,60,code-snippet,knowledge_base,calculator,0.02077189310169275,180,25
2,random,61,math-calculation,vector_db,small_llm,-0.05584200610757334,1150,105
2,random,62,factual-lookup,web_search,small_llm,0.2782907422812538,1500,150
2,random,63,factual-lookup,knowledge_base,small_llm,0.20785187932113083,1120,110
2,random,64,code-snippet,knowledge_base,small_llm,0.09650797098546252,1120,110
2,random,65,code-snippet,vector_db,calculator,0.11624753591654499,210,20
2,random,66,text-summarization,web_search,calculator,-0.121,560,65
2,random,67,factual-lookup,web_search,calculator,0.013939737022245574,560,65
2,random,68,text-summarization,web_search,small_llm,0.2946340704443439,1500,150
2,random,69,factual-lookup,knowledge_base,small_llm,0.187701572249896,1120,110
2,random,70,text-summarization,web_search,small_llm,0.23040106185592674,1500,150
2,random,71,code-snippet,knowledge_base,small_llm,0.15760336692433705,1120,110
2,random,72,factual-lookup,knowledge_base,calculator,0.07666625161822226,180,25
2,random,73,math-calculation,web_search,small_llm,-0.17700617962789628,1500,150
2,random,74,math-calculation,vector_db,calculator,0.2028457103387612,210,20
2,random,75,text-summarization,vector_db,calculator,-0.025272593769938005,210,20
2,random,76,text-summarization,knowledge_base,regex_processor,0.10050530006847906,200,30
2,random,77,text-summarization,vector_db,calculator,0.09855170407424899,210,20
2,random,78,factual-lookup,knowledge_base,calculator,0.07944700228073585,180,25
2,random,79,math-calculation,web_search,regex_processor,-0.04723346240678114,580,70
2,random,80,code-snippet,web_search,regex_processor,0.22928027155595376,580,70
2,random,81,factual-lookup,vector_db,regex_processor,0.10049416739655205,230,25
2,random,82,code-snippet,web_search,calculator,-0.01974055427605749,560,65
2,random,83,text-summarization,web_search,small_llm,0.13039331741106575,1500,150
2,random,84,math-calculation,vector_db,regex_processor,0.07838895326386451,230,25
2,random,85,text-summarization,vector_db,calculator,-0.03249713579123206,210,20
2,random,86,code-snippet,knowledge_base,calculator,0.07659888385809772,180,25
2,random,87,code-snippet,vector_db,calculator,0.07959046460510655,210,20
2,random,88,factual-lookup,vector_db,regex_processor,0.04964975348473662,230,25
2,random,89,factual-lookup,vector_db,calculator,0.00831059519731453,210,20
2,random,90,factual-lookup,knowledge_base,small_llm,0.17596862321438386,1120,110
2,random,91,code-snippet,knowledge_base,calculator,0.03537992198593867,180,25
2,random,92,math-calculation,vector_db,regex_processor,0.08393800398714836,230,25
2,random,93,math-calculation,knowledge_base,calculator,0.27255513677295745,180,25
2,random,94,text-summarization,knowledge_base,regex_processor,0.09598659455285109,200,30
2,random,95,math-calculation,knowledge_base,regex_processor,0.028219133220930517,200,30
2,random,96,code-snippet,web_search,calculator,-0.04715528511545508,560,65
2,random,97,text-summarization,vector_db,regex_processor,0.1962547152881155,230,25
2,random,98,math-calculation,knowledge_base,calculator,0.2872870298307943,180,25
2,random,99,code-snippet,knowledge_base,regex_processor,0.2155043718893377,200,30
2,greedy-cheapest,0,factual-lookup,vector_db,calculator,0.01140200305541842,210,20
2,greedy-cheapest,1,text-summarization,vector_db,calculator,-0.041,210,20
2,greedy-cheapest,2,code-snippet,vector_db,calculator,0.14933037408582575,210,20
2,greedy-cheapest,3,code-snippet,vector_db,calculator,0.11026494986337096,210,20
2,greedy-cheapest,4,math-calculation,vector_db,calculator,0.25808262804677395,210,20
2,greedy-cheapest,5,math-calculation,vector_db,calculator,0.2954834819759182,210,20
2,greedy-cheapest,6,math-calculation,vector_db,calculator,0.22565661934248624,210,20
2,greedy-cheapest,7,factual-lookup,vector_db,calculator,0.027690031160395222,210,20
2,greedy-cheapest,8,text-summarization,vector_db,calculator,-0.0257339707337877,210,20
2,greedy-cheapest,9,text-summarization,vector_db,calculator,-0.036926120000742475,210,20
2,greedy-cheapest,10,factual-lookup,vector_db,calculator,0.040184115254351775,210,20
2,greedy-cheapest,11,factual-lookup,vector_db,calculator,0.045359743725521005,210,20
2,greedy-cheapest,12,math-calculation,vector_db,calculator,0.20846212499233327,210,20
2,greedy-cheapest,13,code-snippet,vector_db,calculator,0.04789317354302804,210,20
2,greedy-cheapest,14,text-summarization,vector_db,calculator,-0.041,210,20
2,greedy-cheapest,15,math-calculation,vector_db,calculator,0.29643299297812786,210,20
2,greedy-cheapest,16,factual-lookup,vector_db,calculator,0.06162436240973267,210,20
2,greedy-cheapest,17,math-calculation,vector_db,calculator,0.26772811705271704,210,20
2,greedy-cheapest,18,factual-lookup,vector_db,calculator,0.05817872930951717,210,20
2,greedy-cheapest,19,code-snippet,vector_db,calculator,0.06518388015527651,210,20
2,greedy-cheapest,20,code-snippet,vector_db,calculator,0.15106965422384022,210,20
2,greedy-cheapest,21,code-snippet,vector_db,calculator,0.04834815142010281,210,20
2,greedy-cheapest,22,factual-lookup,vector_db,calculator,0.0587431444903981,210,20
2,greedy-cheapest,23,math-calculation,vector_db,calculator,0.2472497246554087,210,20
2,greedy-cheapest,24,code-snippet,vector_db,calculator,0.10166872469942995,210,20
2,greedy-cheapest,25,text-summarization,vector_db,calculator,-0.041,210,20
2,greedy-cheapest,26,math-calculation,vector_db,calculator,0.26667909432679787,210,20
2,greedy-cheapest,27,factual-lookup,vector_db,calculator,0.06464887696593755,210,20
2,greedy-cheapest,28,text-summarization,vector_db,calculator,0.014336072146922188,210,20
2,greedy-cheapest,29,text-summarization,vector_db,calculator,-0.0325749383062375,210,20
2,greedy-cheapest,30,code-snippet,vector_db,calculator,0.08876818437865397,210,20
2,greedy-cheapest,31,code-snippet,vector_db,calculator,0.0838386305020265,210,20
2,greedy-cheapest,32,code-snippet,vector_db,calculator,0.059110204747255875,210,20
2,greedy-cheapest,33,factual-lookup,vector_db,calculator,-0.041,210,20
2,greedy-cheapest,34,factual-lookup,vector_db,calculator,0.037797256964116434,210,20
2,greedy-cheapest,35,math-calculation,vector_db,calculator,0.3268276940722234,210,20
2,greedy-cheapest,36,text-summarization,vector_db,calculator,0.011680215476229952,210,20
2,greedy-cheapest,37,text-summarization,vector_db,calculator,-0.041,210,20
2,greedy-cheapest,38,factual-lookup,vector_db,calculator,0.08250264987794667,210,20
2,greedy-cheapest,39,factual-lookup,vector_db,calculator,0.04571414874410546,210,20
2,greedy-cheapest,40,math-calculation,vector_db,calculator,0.22958003017207687,210,20
2,greedy-cheapest,41,code-snippet,vector_db,calculator,0.09428297148134171,210,20
2,greedy-cheapest,42,code-snippet,vector_db,calculator,0.07730428712129786,210,20
2,greedy-cheapest,43,text-summarization,vector_db,calculator,0.0009324372681579277,210,20
2,greedy-cheapest,44,math-calculation,vector_db,calculator,0.2934305502044847,210,20
2,greedy-cheapest,45,factual-lookup,vector_db,calculator,0.010391710634221028,210,20
2,greedy-cheapest,46,text-summarization,vector_db,calculator,-0.0348017439563974,210,20
2,greedy-cheapest,47,factual-lookup,vector_db,calculator,0.029521641286781343,210,20
2,greedy-cheapest,48,text-summarization,vector_db,calculator,-0.030181171481770297,210,20
2,greedy-cheapest,49,factual-lookup,vector_db,calculator,-0.0017383967022903193,210,20
2,greedy-cheapest,50,text-summarization,vector_db,calculator,-0.016254352084966207,210,20
2,greedy-cheapest,51,math-calculation,vector_db,calculator,0.2790579104805069,210,20
2,greedy-cheapest,52,code-snippet,vector_db,calculator,0.1793098371829993,210,20
2,greedy-cheapest,53,math-calculation,vector_db,calculator,0.2614068286311847,210,20
2,greedy-cheapest,54,math-calculation,vector_db,calculator,0.3241018016686745,210,20
2,greedy-cheapest,55,math-calculation,vector_db,calculator,0.2838156405123919,210,20
2,greedy-cheapest,56,math-calculation,vector_db,calculator,0.2390829393470247,210,20
2,greedy-cheapest,57,text-summarization,vector_db,calculator,-0.007541871102837501,210,20
2,greedy-cheapest,58,code-snippet,vector_db,calculator,0.12981136652852987,210,20
2,greedy-cheapest,59,text-summarization,vector_db,calculator,0.00021882865530923473,210,20
2,greedy-cheapest,60,code-snippet,vector_db,calculator,0.08021709282223402,210,20
2,greedy-cheapest,61,math-calculation,vector_db,calculator,0.25080356185224023,210,20
2,greedy-cheapest,62,factual-lookup,vector_db,calculator,0.008286603129728932,210,20
2,greedy-cheapest,63,factual-lookup,vector_db,calculator,0.008361613292666159,210,20
2,greedy-cheapest,64,code-snippet,vector_db,calculator,0.05827619932330177,210,20
2,greedy-cheapest,65,code-snippet,vector_db,calculator,0.1103722337167404,210,20
2,greedy-cheapest,66,text-summarization,vector_db,calculator,-0.03318032997766681,210,20
2,greedy-cheapest,67,factual-lookup,vector_db,calculator,0.015586680558716946,210,20
2,greedy-cheapest,68,text-summarization,vector_db,calculator,-0.00039193974324045616,210,20
2,greedy-cheapest,69,factual-lookup,vector_db,calculator,-0.0024302211721968434,210,20
2,greedy-cheapest,70,text-summarization,vector_db,calculator,0.0016280694833639697,210,20
2,greedy-cheapest,71,code-snippet,vector_db,calculator,0.09630212961286574,210,20
2,greedy-cheapest,72,factual-lookup,vector_db,calculator,0.04177621503511999,210,20
2,greedy-cheapest,73,math-calculation,vector_db,calculator,0.21402598211101329,210,20
2,greedy-cheapest,74,math-calculation,vector_db,calculator,0.2445766378966013,210,20
2,greedy-cheapest,75,text-summarization,vector_db,calculator,0.00760209371839337,210,20
2,greedy-cheapest,76,text-summarization,vector_db,calculator,-0.022897484378606763,210,20
2,greedy-cheapest,77,text-summarization,vector_db,calculator,-0.015348317547245225,210,20
2,greedy-cheapest,78,factual-lookup,vector_db,calculator,0.05698314851578296,210,20
2,greedy-cheapest,79,math-calculation,vector_db,calculator,0.28353133669816627,210,20
2,greedy-cheapest,80,code-snippet,vector_db,calculator,0.05195739406700519,210,20
2,greedy-cheapest,81,factual-lookup,vector_db,calculator,-0.041,210,20
2,greedy-cheapest,82,code-snippet,vector_db,calculator,0.08828199655929792,210,20
2,greedy-cheapest,83,text-summarization,vector_db,calculator,0.030839946542191667,210,20
2,greedy-cheapest,84,math-calculation,vector_db,calculator,0.28941165146930464,210,20
2,greedy-cheapest,85,text-summarization,vector_db,calculator,0.00486038626631273,210,20
2,greedy-cheapest,86,code-snippet,vector_db,calculator,0.06294092040097138,210,20
2,greedy-cheapest,87,code-snippet,vector_db,calculator,0.1172641636567158,210,20
2,greedy-cheapest,88,factual-lookup,vector_db,calculator,0.022819622386994524,210,20
2,greedy-cheapest,89,factual-lookup,vector_db,calculator,0.05885480149781703,210,20
2,greedy-cheapest,90,factual-lookup,vector_db,calculator,-0.00781710793697029,210,20
2,greedy-cheapest,91,code-snippet,vector_db,calculator,0.08323618678010447,210,20
2,greedy-cheapest,92,math-calculation,vector_db,calculator,0.2470594590920753,210,20
2,greedy-cheapest,93,math-calculation,vector_db,calculator,0.2845481303439884,210,20
2,greedy-cheapest,94,text-summarization,vector_db,calculator,-0.041,210,20
2,greedy-cheapest,95,math-calculation,vector_db,calculator,0.2744932343708428,210,20
2,greedy-cheapest,96,code-snippet,vector_db,calculator,0.0644462502040857,210,20
2,greedy-cheapest,97,text-summarization,vector_db,calculator,0.0741332602569014,210,20
2,greedy-cheapest,98,math-calculation,vector_db,calculator,0.24565443273162088,210,20
2,greedy-cheapest,99,code-snippet,vector_db,calculator,0.03561522241287387,210,20
2,greedy-advertised,0,factual-lookup,web_search,small_llm,0.2505939820817474,1500,150
2,greedy-advertised,1,text-summarization,knowledge_base,small_llm,0.174864000043261,1120,110
2,greedy-advertised,2,code-snippet,web_search,small_llm,0.32596044934416196,1500,150
2,greedy-advertised,3,code-snippet,web_search,small_llm,0.21875419119834755,1500,150
2,greedy-advertised,4,math-calculation,vector_db,small_llm,-0.05596340135387551,1150,105
2,greedy-advertised,5,math-calculation,vector_db,small_llm,-0.03353421822329153,1150,105
2,greedy-advertised,6,math-calculation,vector_db,small_llm,-0.07527366672026756,1150,105
2,greedy-advertised,7,factual-lookup,web_search,small_llm,0.2788240072949492,1500,150
2,greedy-advertised,8,text-summarization,knowledge_base,small_llm,0.26289384264300586,1120,110
2,greedy-advertised,9,text-summarization,knowledge_base,small_llm,0.23643455866216403,1120,110
2,greedy-advertised,10,factual-lookup,web_search,small_llm,0.30457117815086393,1500,150
2,greedy-advertised,11,factual-lookup,web_search,small_llm,0.29975531784103243,1500,150
2,greedy-advertised,12,math-calculation,vector_db,small_llm,-0.07302713147663098,1150,105
2,greedy-advertised,13,code-snippet,web_search,small_llm,0.2398321213972438,1500,150
2,greedy-advertised,14,text-summarization,knowledge_base,small_llm,0.13973835172173224,1120,110
2,greedy-advertised,15,math-calculation,vector_db,small_llm,-0.02965837323113313,1150,105
2,greedy-advertised,16,factual-lookup,web_search,small_llm,0.3361215436153749,1500,150
2,greedy-advertised,17,math-calculation,vector_db,small_llm,-0.044799176913351474,1150,105
2,greedy-advertised,18,factual-lookup,web_search,small_llm,0.3057904695065827,1500,150
2,greedy-advertised,19,code-snippet,web_search,small_llm,0.15052275846284774,1500,150
2,greedy-advertised,20,code-snippet,web_search,small_llm,0.27546161480342574,1500,150
2,greedy-advertised,21,code-snippet,web_search,small_llm,0.14720071880703212,1500,150
2,greedy-advertised,22,factual-lookup,web_search,small_llm,0.29777686704202416,1500,150
2,greedy-advertised,23,math-calculation,vector_db,small_llm,-0.042375518257361966,1150,105
2,greedy-advertised,24,code-snippet,web_search,small_llm,0.15899020752248288,1500,150
2,greedy-advertised,25,text-summarization,knowledge_base,small_llm,0.26301918108131117,1120,110
2,greedy-advertised,26,math-calculation,vector_db,small_llm,-0.03207333771438395,1150,105
2,greedy-advertised,27,factual-lookup,web_search,small_llm,0.32034312080057287,1500,150
2,greedy-advertised,28,text-summarization,knowledge_base,small_llm,0.37428183006378957,1120,110
2,greedy-advertised,29,text-summarization,knowledge_base,small_llm,0.22094600956407442,1120,110
2,greedy-advertised,30,code-snippet,web_search,small_llm,0.231322109094744,1500,150
2,greedy-advertised,31,code-snippet,web_search,small_llm,0.19929252289725685,1500,150
2,greedy-advertised,32,code-snippet,web_search,small_llm,0.2038968174866967,1500,150
2,greedy-advertised,33,factual-lookup,web_search,small_llm,0.11780338901570636,1500,150
2,greedy-advertised,34,factual-lookup,web_search,small_llm,0.30368966797916325,1500,150
2,greedy-advertised,35,math-calculation,vector_db,small_llm,-0.013639873309907014,1150,105
2,greedy-advertised,36,text-summarization,knowledge_base,small_llm,0.22880910375727123,1120,110
2,greedy-advertised,37,text-summarization,knowledge_base,small_llm,0.21824752425106128,1120,110
2,greedy-advertised,38,factual-lookup,web_search,small_llm,0.3234607268102347,1500,150
2,greedy-advertised,39,factual-lookup,web_search,small_llm,0.3007777453150708,1500,150
2,greedy-advertised,40,math-calculation,vector_db,small_llm,-0.07247410788402137,1150,105
2,greedy-advertised,41,code-snippet,web_search,small_llm,0.2445233516190813,1500,150
2,greedy-advertised,42,code-snippet,web_search,small_llm,0.17396859478786397,1500,150
2,greedy-advertised,43,text-summarization,knowledge_base,small_llm,0.21430459353326323,1120,110
2,greedy-advertised,44,math-calculation,vector_db,small_llm,-0.03884784384199963,1150,105
2,greedy-advertised,45,factual-lookup,web_search,small_llm,0.2666190025669271,1500,150
2,greedy-advertised,46,text-summarization,knowledge_base,small_llm,0.23905663493248222,1120,110
2,greedy-advertised,47,factual-lookup,web_search,small_llm,0.26555831728409945,1500,150
2,greedy-advertised,48,text-summarization,knowledge_base,small_llm,0.21554410463508175,1120,110
2,greedy-advertised,49,factual-lookup,web_search,small_llm,0.2120499491654823,1500,150
2,greedy-advertised,50,text-summarization,knowledge_base,small_llm,0.17287916837190273,1120,110
2,greedy-advertised,51,math-calculation,vector_db,small_llm,-0.029431088134638433,1150,105
2,greedy-advertised,52,code-snippet,web_search,small_llm,0.3151973345548916,1500,150
2,greedy-advertised,53,math-calculation,vector_db,small_llm,-0.05344482652298885,1150,105
2,greedy-advertised,54,math-calculation,vector_db,small_llm,-0.02413834302717091,1150,105
2,greedy-advertised,55,math-calculation,vector_db,small_llm,-0.0450066280923358,1150,105
2,greedy-advertised,56,math-calculation,vector_db,small_llm,-0.07653046129140759,1150,105
2,greedy-advertised,57,text-summarization,knowledge_base,small_llm,0.29140354093233445,1120,110
2,greedy-advertised,58,code-snippet,web_search,small_llm,0.21516567110058765,1500,150
2,greedy-advertised,59,text-summarization,knowledge_base,small_llm,0.29058719147754253,1120,110
2,greedy-advertised,60,code-snippet,web_search,small_llm,0.1770985891619592,1500,150
2,greedy-advertised,61,math-calculation,vector_db,small_llm,-0.04893342286316446,1150,105
2,greedy-advertised,62,factual-lookup,web_search,small_llm,0.2608915279116895,1500,150
2,greedy-advertised,63,factual-lookup,web_search,small_llm,0.22897653267650725,1500,150
2,greedy-advertised,64,code-snippet,web_search,small_llm,0.1369023260271479,1500,150
2,greedy-advertised,65,code-snippet,web_search,small_llm,0.22664159173601856,1500,150
2,greedy-advertised,66,text-summarization,knowledge_base,small_llm,0.29284107051332986,1120,110
2,greedy-advertised,67,factual-lookup,web_search,small_llm,0.2648053835344301,1500,150
2,greedy-advertised,68,text-summarization,knowledge_base,small_llm,0.3501005544987734,1120,110
2,greedy-advertised,69,factual-lookup,web_search,small_llm,0.23942092617379546,1500,150
2,greedy-advertised,70,text-summarization,knowledge_base,small_llm,0.21912585232900592,1120,110
2,greedy-advertised,71,code-snippet,web_search,small_llm,0.2039371384903152,1500,150
2,greedy-advertised,72,factual-lookup,web_search,small_llm,0.25200567417983816,1500,150
2,greedy-advertised,73,math-calculation,vector_db,small_llm,-0.057772573925477605,1150,105
2,greedy-advertised,74,math-calculation,vector_db,small_llm,-0.04726518615110012,1150,105
2,greedy-advertised,75,text-summarization,knowledge_base,small_llm,0.19596601613312134,1120,110
2,greedy-advertised,76,text-summarization,knowledge_base,small_llm,0.19972729469421094,1120,110
2,greedy-advertised,77,text-summarization,knowledge_base,small_llm,0.24622195673804384,1120,110
2,greedy-advertised,78,factual-lookup,web_search,small_llm,0.3139352320045226,1500,150
2,greedy-advertised,79,math-calculation,vector_db,small_llm,-0.038503479292265635,1150,105
2,greedy-advertised,80,code-snippet,web_search,small_llm,0.13065751775878587,1500,150
2,greedy-advertised,81,factual-lookup,web_search,small_llm,0.16437898156568825,1500,150
2,greedy-advertised,82,code-snippet,web_search,small_llm,0.23432371118979584,1500,150
2,greedy-advertised,83,text-summarization,knowledge_base,small_llm,0.2641758754719181,1120,110
2,greedy-advertised,84,math-calculation,vector_db,small_llm,-0.03294842441505791,1150,105
2,greedy-advertised,85,text-summarization,knowledge_base,small_llm,0.21242010513722684,1120,110
2,greedy-advertised,86,code-snippet,web_search,small_llm,0.19740362373848314,1500,150
2,greedy-advertised,87,code-snippet,web_search,small_llm,0.27090208067005056,1500,150
2,greedy-advertised,88,factual-lookup,web_search,small_llm,0.21610338134496737,1500,150
2,greedy-advertised,89,factual-lookup,web_search,small_llm,0.2824412910016893,1500,150
2,greedy-advertised,90,factual-lookup,web_search,small_llm,0.23956370662580245,1500,150
2,greedy-advertised,91,code-snippet,web_search,small_llm,0.17522319082969906,1500,150
2,greedy-advertised,92,math-calculation,vector_db,small_llm,-0.03959983878534459,1150,105
2,greedy-advertised,93,math-calculation,vector_db,small_llm,-0.0393828067253639,1150,105
2,greedy-advertised,94,text-summarization,knowledge_base,small_llm,0.22668574966760482,1120,110
2,greedy-advertised,95,math-calculation,vector_db,small_llm,-0.03281144282972509,1150,105
2,greedy-advertised,96,code-snippet,web_search,small_llm,0.18140582907238684,1500,150
2,greedy-advertised,97,text-summarization,knowledge_base,small_llm,0.3062916726686783,1120,110
2,greedy-advertised,98,math-calculation,vector_db,small_llm,-0.06675024935339324,1150,105
2,greedy-advertised,99,code-snippet,web_search,small_llm,0.208300246721227,1500,150
2,oracle,0,factual-lookup,web_search,small_llm,0.2505939820817474,1500,150
2,oracle,1,text-summarization,vector_db,small_llm,0.3838456577602628,1150,105
2,oracle,2,code-snippet,vector_db,regex_processor,0.5123230586538482,230,25
2,oracle,3,code-snippet,vector_db,regex_processor,0.42012937894167535,230,25
2,oracle,4,math-calculation,knowledge_base,calculator,0.3036980709557138,180,25
2,oracle,5,math-calculation,knowledge_base,calculator,0.34170709060927035,180,25
2,oracle,6,math-calculation,knowledge_base,calculator,0.27067625245408905,180,25
2,oracle,7,factual-lookup,web_search,small_llm,0.2788240072949492,1500,150
2,oracle,8,text-summarization,vector_db,small_llm,0.494804021394623,1150,105
2,oracle,9,text-summarization,vector_db,small_llm,0.4647811331192917,1150,105
2,oracle,10,factual-lookup,web_search,small_llm,0.30457117815086393,1500,150
2,oracle,11,factual-lookup,web_search,small_llm,0.29975531784103243,1500,150
2,oracle,12,math-calculation,knowledge_base,calculator,0.2564621249923333,180,25
2,oracle,13,code-snippet,vector_db,regex_processor,0.4173107440015872,230,25
2,oracle,14,text-summarization,vector_db,small_llm,0.36042795904842817,1150,105
2,oracle,15,math-calculation,knowledge_base,calculator,0.34375478212181304,180,25
2,oracle,16,factual-lookup,web_search,small_llm,0.3361215436153749,1500,150
2,oracle,17,math-calculation,knowledge_base,calculator,0.31543821241584297,180,25
2,oracle,18,factual-lookup,web_search,small_llm,0.3057904695065827,1500,150
2,oracle,19,code-snippet,vector_db,regex_processor,0.3549409811107576,230,25
2,oracle,20,code-snippet,vector_db,regex_processor,0.4751431255513086,230,25
2,oracle,21,code-snippet,vector_db,regex_processor,0.3472365485270928,230,25
2,oracle,22,factual-lookup,web_search,small_llm,0.29777686704202416,1500,150
2,oracle,23,math-calculation,knowledge_base,calculator,0.2952497246554087,180,25
2,oracle,24,code-snippet,vector_db,regex_processor,0.37285548675927926,230,25
2,oracle,25,text-summarization,vector_db,small_llm,0.48478585995879264,1150,105
2,oracle,26,math-calculation,knowledge_base,calculator,0.31467909432679786,180,25
2,oracle,27,factual-lookup,web_search,small_llm,0.32034312080057287,1500,150
2,oracle,28,text-summarization,vector_db,small_llm,0.6172059832461937,1150,105
2,oracle,29,text-summarization,vector_db,small_llm,0.45080785756633024,1150,105
2,oracle,30,code-snippet,vector_db,regex_processor,0.4229697994172661,230,25
2,oracle,31,code-snippet,vector_db,regex_processor,0.39736997123217477,230,25
2,oracle,32,code-snippet,vector_db,regex_processor,0.3933569460618932,230,25
2,oracle,33,factual-lookup,web_search,small_llm,0.11780338901570636,1500,150
2,oracle,34,factual-lookup,web_search,small_llm,0.30368966797916325,1500,150
2,oracle,35,math-calculation,knowledge_base,calculator,0.3738053033269474,180,25
2,oracle,36,text-summarization,vector_db,small_llm,0.47428321999226686,1150,105
2,oracle,37,text-summarization,vector_db,small_llm,0.4420701909763909,1150,105
2,oracle,38,factual-lookup,web_search,small_llm,0.3234607268102347,1500,150
2,oracle,39,factual-lookup,web_search,small_llm,0.3007777453150708,1500,150
2,oracle,40,math-calculation,knowledge_base,calculator,0.2748557312626616,180,25
2,oracle,41,code-snippet,vector_db,regex_processor,0.43457436687061507,230,25
2,oracle,42,code-snippet,vector_db,regex_processor,0.3763265843275996,230,25
2,oracle,43,text-summarization,vector_db,small_llm,0.4561801665156522,1150,105
2,oracle,44,math-calculation,knowledge_base,calculator,0.33834033728912666,180,25
2,oracle,45,factual-lookup,web_search,small_llm,0.2666190025669271,1500,150
2,oracle,46,text-summarization,vector_db,small_llm,0.4681018033661799,1150,105
2,oracle,47,factual-lookup,web_search,small_llm,0.26555831728409945,1500,150
2,oracle,48,text-summarization,vector_db,small_llm,0.4462580059404254,1150,105
2,oracle,49,factual-lookup,web_search,small_llm,0.2120499491654823,1500,150
2,oracle,50,text-summarization,vector_db,small_llm,0.4090920482334345,1150,105
2,oracle,51,math-calculation,knowledge_base,calculator,0.32705791048050686,180,25
2,oracle,52,code-snippet,vector_db,regex_processor,0.5134874053966518,230,25
2,oracle,53,math-calculation,knowledge_base,calculator,0.3072659938963547,180,25
2,oracle,54,math-calculation,knowledge_base,calculator,0.36848375643468934,180,25
2,oracle,55,math-calculation,knowledge_base,calculator,0.32842777858808014,180,25
2,oracle,56,math-calculation,knowledge_base,calculator,0.28116194746643003,180,25
2,oracle,57,text-summarization,vector_db,small_llm,0.5289254457414398,1150,105
2,oracle,58,code-snippet,vector_db,regex_processor,0.42361932973542465,230,25
2,oracle,59,text-summarization,vector_db,small_llm,0.5306597894247848,1150,105
2,oracle,60,code-snippet,vector_db,regex_processor,0.3795810081024808,230,25
2,oracle,61,math-calculation,knowledge_base,calculator,0.2988035618522402,180,25
2,oracle,62,factual-lookup,web_search,small_llm,0.2608915279116895,1500,150
2,oracle,63,factual-lookup,web_search,small_llm,0.22897653267650725,1500,150
2,oracle,64,code-snippet,vector_db,regex_processor,0.34254326816685415,230,25
2,oracle,65,code-snippet,vector_db,regex_processor,0.4260620320865806,230,25
2,oracle,66,text-summarization,vector_db,small_llm,0.5222367470438383,1150,105
2,oracle,67,factual-lookup,web_search,small_llm,0.2648053835344301,1500,150
2,oracle,68,text-summarization,vector_db,small_llm,0.5889915101909521,1150,105
2,oracle,69,factual-lookup,web_search,small_llm,0.23942092617379546,1500,150
2,oracle,70,text-summarization,vector_db,small_llm,0.4611470435898889,1150,105
2,oracle,71,code-snippet,vector_db,regex_processor,0.4047007683504626,230,25
2,oracle,72,factual-lookup,web_search,small_llm,0.25200567417983816,1500,150
2,oracle,73,math-calculation,knowledge_base,calculator,0.2620259821110133,180,25
2,oracle,74,math-calculation,knowledge_base,calculator,0.2925766378966013,180,25
2,oracle,75,text-summarization,vector_db,small_llm,0.44082784418955756,1150,105
2,oracle,76,text-summarization,vector_db,small_llm,0.4331411813356367,1150,105
2,oracle,77,text-summarization,vector_db,small_llm,0.4817585196513611,1150,105
2,oracle,78,factual-lookup,web_search,small_llm,0.3139352320045226,1500,150
2,oracle,79,math-calculation,knowledge_base,calculator,0.3303126329909326,180,25
2,oracle,80,code-snippet,vector_db,regex_processor,0.3358716313173965,230,25
2,oracle,81,factual-lookup,web_search,small_llm,0.16437898156568825,1500,150
2,oracle,82,code-snippet,vector_db,regex_processor,0.42508401128981743,230,25
2,oracle,83,text-summarization,vector_db,small_llm,0.5155305781048818,1150,105
2,oracle,84,math-calculation,knowledge_base,calculator,0.3369641538851109,180,25
2,oracle,85,text-summarization,vector_db,small_llm,0.4558003748408068,1150,105
2,oracle,86,code-snippet,vector_db,regex_processor,0.3895953588648896,230,25
2,oracle,87,code-snippet,vector_db,regex_processor,0.4613469597866014,230,25
2,oracle,88,factual-lookup,web_search,small_llm,0.21610338134496737,1500,150
2,oracle,89,factual-lookup,web_search,small_llm,0.2824412910016893,1500,150
2,oracle,90,factual-lookup,web_search,small_llm,0.23956370662580245,1500,150
2,oracle,91,code-snippet,vector_db,regex_processor,0.3791143692889156,230,25
2,oracle,92,math-calculation,knowledge_base,calculator,0.2950594590920753,180,25
2,oracle,93,math-calculation,knowledge_base,calculator,0.3308420622258092,180,25
2,oracle,94,text-summarization,vector_db,small_llm,0.44078225833618734,1150,105
2,oracle,95,math-calculation,knowledge_base,calculator,0.32249323437084276,180,25
2,oracle,96,code-snippet,vector_db,regex_processor,0.37797243742718745,230,25
2,oracle,97,text-summarization,vector_db,small_llm,0.5582916726686783,1150,105
2,oracle,98,math-calculation,knowledge_base,calculator,0.28985273857370775,180,25
2,oracle,99,code-snippet,vector_db,regex_processor,0.3897603421108602,230,25
3,pheromone_router,0,factual-lookup,knowledge_base,regex_processor,0.10533174963055421,200,30
3,pheromone_router,1,text-summarization,knowledge_base,small_llm,0.20384936095430425,1120,110
3,pheromone_router,2,code-snippet,vector_db,regex_processor,0.362946013417856,230,25
3,pheromone_router,3,code-snippet,vector_db,regex_processor,0.39139850929675213,230,25
3,pheromone_router,4,math-calculation,vector_db,calculator,0.35575440170494266,210,20
3,pheromone_router,5,math-calculation,knowledge_base,regex_processor,0.08570039447375975,200,30
3,pheromone_router,6,math-calculation,vector_db,small_llm,-0.02206153627876334,1150,105
3,pheromone_router,7,factual-lookup,web_search,small_llm,0.300691252495993,1500,150
3,pheromone_router,8,text-summarization,knowledge_base,small_llm,0.32202718155457755,1120,110
3,pheromone_router,9,text-summarization,knowledge_base,small_llm,0.23171912282590976,1120,110
3,pheromone_router,10,factual-lookup,web_search,small_llm,0.17490565155202303,1500,150
3,pheromone_router,11,factual-lookup,knowledge_base,small_llm,0.20013301703766592,1120,110
3,pheromone_router,12,math-calculation,web_search,calculator,0.09804009211130099,560,65
3,pheromone_router,13,code-snippet,web_search,small_llm,0.25944355514186984,1500,150
3,pheromone_router,14,text-summarization,vector_db,small_llm,0.5142638650478384,1150,105
3,pheromone_router,15,math-calculation,vector_db,small_llm,-0.0926112711577641,1150,105
3,pheromone_router,16,factual-lookup,knowledge_base,small_llm,0.23310761726874216,1120,110
3,pheromone_router,17,math-calculation,vector_db,regex_processor,0.06536556700945012,230,25
3,pheromone_router,18,factual-lookup,knowledge_base,small_llm,0.3362827423475663,1120,110
3,pheromone_router,19,code-snippet,knowledge_base,small_llm,0.05989499017494901,1120,110
3,pheromone_router,20,code-snippet,web_search,small_llm,0.15581992970794756,1500,150
3,pheromone_router,21,code-snippet,vector_db,small_llm,0.38043744995255,1150,105
3,pheromone_router,22,factual-lookup,knowledge_base,small_llm,0.2818130292687565,1120,110
3,pheromone_router,23,math-calculation,vector_db,small_llm,-0.08034904608124102,1150,105
3,pheromone_router,24,code-snippet,vector_db,small_llm,0.27947294531081435,1150,105
3,pheromone_router,25,text-summarization,web_search,small_llm,0.22675198780699563,1500,150
3,pheromone_router,26,math-calculation,knowledge_base,calculator,0.26976033703175717,180,25
3,pheromone_router,27,factual-lookup,web_search,calculator,0.018652638108453634,560,65
3,pheromone_router,28,text-summarization,web_search,small_llm,0.12620205571292187,1500,150
3,pheromone_router,29,text-summarization,knowledge_base,small_llm,0.2945595284632745,1120,110
3,pheromone_router,30,code-snippet,knowledge_base,small_llm,0.13507929860229798,1120,110
3,pheromone_router,31,code-snippet,knowledge_base,small_llm,0.09053277492878406,1120,110
3,pheromone_router,32,code-snippet,web_search,small_llm,0.256749872331618,1500,150
3,pheromone_router,33,factual-lookup,web_search,small_llm,0.24161046776182943,1500,150
3,pheromone_router,34,factual-lookup,web_search,small_llm,0.20062361500126863,1500,150
3,pheromone_router,35,math-calculation,knowledge_base,small_llm,-0.012847957688684769,1120,110
3,pheromone_router,36,text-summarization,web_search,small_llm,0.19237711550728076,1500,150
3,pheromone_router,37,text-summarization,knowledge_base,regex_processor,0.06777807574574567,200,30
3,pheromone_router,38,factual-lookup,vector_db,small_llm,0.10993960247943771,1150,105
3,pheromone_router,39,factual-lookup,knowledge_base,small_llm,0.20875894943006926,1120,110
3,pheromone_router,40,math-calculation,web_search,small_llm,-0.20715479754055774,1500,150
3,pheromone_router,41,code-snippet,web_search,small_llm,0.15706049743483985,1500,150
3,pheromone_router,42,code-snippet,vector_db,small_llm,0.44972741035527863,1150,105
3,pheromone_router,43,text-summarization,knowledge_base,small_llm,0.3662571021673452,1120,110
3,pheromone_router,44,math-calculation,vector_db,small_llm,-0.005713440710119838,1150,105
3,pheromone_router,45,factual-lookup,web_search,small_llm,0.26337604211894644,1500,150
3,pheromone_router,46,text-summarization,knowledge_base,small_llm,0.2518303990297238,1120,110
3,pheromone_router,47,factual-lookup,knowledge_base,small_llm,0.3421806462675142,1120,110
3,pheromone_router,48,text-summarization,knowledge_base,small_llm,0.2555425004828512,1120,110
3,pheromone_router,49,factual-lookup,web_search,small_llm,0.310206990968886,1500,150
3,pheromone_router,50,text-summarization,knowledge_base,small_llm,0.3373660238796454,1120,110
3,pheromone_router,51,math-calculation,web_search,small_llm,-0.23207803248595532,1500,150
3,pheromone_router,52,code-snippet,vector_db,small_llm,0.33147639391611905,1150,105
3,pheromone_router,53,math-calculation,knowledge_base,regex_processor,0.09646266024011797,200,30
3,pheromone_router,54,math-calculation,vector_db,small_llm,-0.038397617578157295,1150,105
3,pheromone_router,55,math-calculation,vector_db,small_llm,-0.0707912980452701,1150,105
3,pheromone_router,56,math-calculation,web_search,small_llm,-0.15942369801059328,1500,150
3,pheromone_router,57,text-summarization,web_search,small_llm,0.28890036710474526,1500,150
3,pheromone_router,58,code-snippet,web_search,small_llm,0.2229678815510709,1500,150
3,pheromone_router,59,text-summarization,knowledge_base,small_llm,0.20446840888866588,1120,110
3,pheromone_router,60,code-snippet,web_search,small_llm,0.2641825358188353,1500,150
3,pheromone_router,61,math-calculation,knowledge_base,small_llm,-0.050259518470764875,1120,110
3,pheromone_router,62,factual-lookup,web_search,small_llm,0.20947611580449294,1500,150
3,pheromone_router,63,factual-lookup,knowledge_base,calculator,0.04030008251186279,180,25
3,pheromone_router,64,code-snippet,web_search,small_llm,0.21805186630130452,1500,150
3,pheromone_router,65,code-snippet,web_search,small_llm,0.23054499590459937,1500,150
3,pheromone_router,66,text-summarization,knowledge_base,small_llm,0.27891726820758034,1120,110
3,pheromone_router,67,factual-lookup,knowledge_base,small_llm,0.2698701799842843,1120,110
3,pheromone_router,68,text-summarization,knowledge_base,small_llm,0.19708465202697953,1120,110
3,pheromone_router,69,factual-lookup,web_search,small_llm,0.37147474801176,1500,150
3,pheromone_router,70,text-summarization,vector_db,small_llm,0.5357477948066738,1150,105
3,pheromone_router,71,code-snippet,web_search,small_llm,0.23362793622458938,1500,150
3,pheromone_router,72,factual-lookup,vector_db,calculator,0.05085300018136108,210,20
3,pheromone_router,73,math-calculation,knowledge_base,small_llm,-0.023710822084570288,1120,110
3,pheromone_router,74,math-calculation,vector_db,small_llm,-0.07008851991517867,1150,105
3,pheromone_router,75,text-summarization,web_search,small_llm,0.16670336266350472,1500,150
3,pheromone_router,76,text-summarization,knowledge_base,small_llm,0.2958385059490046,1120,110
3,pheromone_router,77,text-summarization,web_search,calculator,-0.09603813189472728,560,65
3,pheromone_router,78,factual-lookup,web_search,small_llm,0.3019385727685235,1500,150
3,pheromone_router,79,math-calculation,knowledge_base,small_llm,-0.037297067006291484,1120,110
3,pheromone_router,80,code-snippet,web_search,small_llm,0.22929563881728904,1500,150
3,pheromone_router,81,factual-lookup,knowledge_base,small_llm,0.25814037418302693,1120,110
3,pheromone_router,82,code-snippet,web_search,small_llm,0.11087453079107767,1500,150
3,pheromone_router,83,text-summarization,knowledge_base,small_llm,0.18648828859313785,1120,110
3,pheromone_router,84,math-calculation,knowledge_base,small_llm,-0.025836508645823236,1120,110
3,pheromone_router,85,text-summarization,knowledge_base,small_llm,0.3040748725526716,1120,110
3,pheromone_router,86,code-snippet,knowledge_base,small_llm,0.13168647104989903,1120,110
3,pheromone_router,87,code-snippet,web_search,small_llm,0.20415031776054532,1500,150
3,pheromone_router,88,factual-lookup,knowledge_base,small_llm,0.26765271215765496,1120,110
3,pheromone_router,89,factual-lookup,knowledge_base,small_llm,0.24278538889987708,1120,110
3,pheromone_router,90,factual-lookup,knowledge_base,regex_processor,0.16088130060480615,200,30
3,pheromone_router,91,code-snippet,web_search,regex_processor,0.29920044931751777,580,70
3,pheromone_router,92,math-calculation,knowledge_base,small_llm,-0.000899060085844422,1120,110
3,pheromone_router,93,math-calculation,web_search,small_llm,-0.13391309937432794,1500,150
3,pheromone_router,94,text-summarization,vector_db,small_llm,0.5301568047551858,1150,105
3,pheromone_router,95,math-calculation,vector_db,small_llm,-0.06027444553600861,1150,105
3,pheromone_router,96,code-snippet,web_search,small_llm,0.19639926820973752,1500,150
3,pheromone_router,97,text-summarization,vector_db,small_llm,0.5002815331766801,1150,105
3,pheromone_router,98,math-calculation,knowledge_base,small_llm,-0.046703834951594275,1120,110
3,pheromone_router,99,code-snippet,knowledge_base,small_llm,0.19456347258688841,1120,110
3,random,0,factual-lookup,web_search,calculator,-0.021589931442621058,560,65
3,random,1,text-summarization,web_search,regex_processor,0.024525313391508763,580,70
3,random,2,code-snippet,vector_db,regex_processor,0.3712646191183909,230,25
3,random,3,code-snippet,knowledge_base,calculator,0.03200620196351167,180,25
3,random,4,math-calculation,vector_db,regex_processor,0.04457403848556274,230,25
3,random,5,math-calculation,web_search,small_llm,-0.15251584642472968,1500,150
3,random,6,math-calculation,vector_db,small_llm,-0.06014278285506233,1150,105
3,random,7,factual-lookup,knowledge_base,small_llm,0.2534555088210594,1120,110
3,random,8,text-summarization,knowledge_base,small_llm,0.3050262565877402,1120,110
3,random,9,text-summarization,knowledge_base,small_llm,0.26582206604604475,1120,110
3,random,10,factual-lookup,vector_db,regex_processor,0.07298216643642226,230,25
3,random,11,factual-lookup,vector_db,small_llm,0.22074636440118836,1150,105
3,random,12,math-calculation,knowledge_base,calculator,0.16559188465781183,180,25
3,random,13,code-snippet,vector_db,calculator,0.08014508155848571,210,20
3,random,14,text-summarization,knowledge_base,small_llm,0.20616027556950686,1120,110
3,random,15,math-calculation,web_search,small_llm,-0.14656592770077448,1500,150
3,random,16,factual-lookup,vector_db,small_llm,0.24526026134097748,1150,105
3,random,17,math-calculation,vector_db,calculator,0.2127050213175816,210,20
3,random,18,factual-lookup,vector_db,small_llm,0.16657725722351732,1150,105
3,random,19,code-snippet,vector_db,regex_processor,0.3378400097449338,230,25
3,random,20,code-snippet,web_search,calculator,-0.01579934023851233,560,65
3,random,21,code-snippet,knowledge_base,regex_processor,0.21196860542764256,200,30
3,random,22,factual-lookup,knowledge_base,small_llm,0.3275948391739768,1120,110
3,random,23,math-calculation,web_search,regex_processor,-0.06966114192801715,580,70
3,random,24,code-snippet,vector_db,small_llm,0.3261417416148169,1150,105
3,random,25,text-summarization,vector_db,regex_processor,0.1713707279767358,230,25
3,random,26,math-calculation,web_search,calculator,0.19254544178610128,560,65
3,random,27,factual-lookup,knowledge_base,calculator,0.0884578787049806,180,25
3,random,28,text-summarization,vector_db,small_llm,0.5676781918754681,1150,105
3,random,29,text-summarization,web_search,regex_processor,0.006683545828082171,580,70
3,random,30,code-snippet,knowledge_base,small_llm,0.14201838075387066,1120,110
3,random,31,code-snippet,knowledge_base,small_llm,0.10865912019719506,1120,110
3,random,32,code-snippet,knowledge_base,regex_processor,0.15708372222540445,200,30
3,random,33,factual-lookup,vector_db,calculator,0.06386169688781762,210,20
3,random,34,factual-lookup,web_search,small_llm,0.27418142942589224,1500,150
3,random,35,math-calculation,vector_db,regex_processor,0.0748043525435657,230,25
3,random,36,text-summarization,web_search,regex_processor,0.05013019760258111,580,70
3,random,37,text-summarization,knowledge_base,regex_processor,0.1852709423507885,200,30
3,random,38,factual-lookup,vector_db,regex_processor,0.06142907241466476,230,25
3,random,39,factual-lookup,knowledge_base,small_llm,0.17978537184086044,1120,110
3,random,40,math-calculation,knowledge_base,small_llm,-0.026417418658058772,1120,110
3,random,41,code-snippet,knowledge_base,small_llm,0.08472938888874162,1120,110
3,random,42,code-snippet,vector_db,regex_processor,0.47124817110975487,230,25
3,random,43,text-summarization,vector_db,regex_processor,0.24601231251972872,230,25
3,random,44,math-calculation,knowledge_base,regex_processor,0.094824561029093,200,30
3,random,45,factual-lookup,web_search,regex_processor,0.12228556573771238,580,70
3,random,46,text-summarization,knowledge_base,calculator,-0.029729388107246662,180,25
3,random,47,factual-lookup,web_search,regex_processor,0.012414082920871178,580,70
3,random,48,text-summarization,web_search,small_llm,0.3312144501852335,1500,150
3,random,49,factual-lookup,knowledge_base,calculator,-0.018347454456391375,180,25
3,random,50,text-summarization,vector_db,regex_processor,0.19012561222565094,230,25
3,random,51,math-calculation,web_search,regex_processor,-0.02390830188624625,580,70
3,random,52,code-snippet,web_search,small_llm,0.1852564512818214,1500,150
3,random,53,math-calculation,knowledge_base,small_llm,-0.0584417971113895,1120,110
3,random,54,math-calculation,knowledge_base,calculator,0.29032516629007793,180,25
3,random,55,math-calculation,knowledge_base,regex_processor,0.10084963919258592,200,30
3,random,56,math-calculation,knowledge_base,regex_processor,0.07846114704610262,200,30
3,random,57,text-summarization,knowledge_base,small_llm,0.23329640204663957,1120,110
3,random,58,code-snippet,web_search,small_llm,0.29003347961401477,1500,150
3,random,59,text-summarization,vector_db,small_llm,0.5572087112882503,1150,105
3,random,60,code-snippet,knowledge_base,regex_processor,0.24584799297707732,200,30
3,random,61,math-calculation,knowledge_base,small_llm,0.04214415032370453,1120,110
3,random,62,factual-lookup,vector_db,calculator,0.032771251882100415,210,20
3,random,63,factual-lookup,web_search,small_llm,0.2698553840776558,1500,150
3,random,64,code-snippet,web_search,small_llm,0.25610863237838427,1500,150
3,random,65,code-snippet,knowledge_base,regex_processor,0.18979838571378815,200,30
3,random,66,text-summarization,vector_db,small_llm,0.4410188497414186,1150,105
3,random,67,factual-lookup,vector_db,regex_processor,0.11575099247425584,230,25
3,random,68,text-summarization,vector_db,small_llm,0.5127765922744963,1150,105
3,random,69,factual-lookup,knowledge_base,regex_processor,0.12125252373511163,200,30
3,random,70,text-summarization,web_search,calculator,-0.09228548450596082,560,65
3,random,71,code-snippet,knowledge_base,small_llm,0.09879523199204462,1120,110
3,random,72,factual-lookup,knowledge_base,small_llm,0.2342080893227301,1120,110
3,random,73,math-calculation,knowledge_base,regex_processor,0.08406847418223147,200,30
3,random,74,math-calculation,vector_db,regex_processor,0.037153296338088795,230,25
3,random,75,text-summarization,vector_db,calculator,0.03215940187307741,210,20
3,random,76,text-summarization,vector_db,regex_processor,0.15246215194581642,230,25
3,random,77,text-summarization,knowledge_base,small_llm,0.2151811120019029,1120,110
3,random,78,factual-lookup,knowledge_base,calculator,0.018673381961829848,180,25
3,random,79,math-calculation,web_search,small_llm,-0.17529116293688807,1500,150
3,random,80,code-snippet,vector_db,regex_processor,0.39339484460764024,230,25
3,random,81,factual-lookup,knowledge_base,regex_processor,0.0866732760827122,200,30
3,random,82,code-snippet,web_search,regex_processor,0.268449120181246,580,70
3,random,83,text-summarization,knowledge_base,small_llm,0.275126487087214,1120,110
3,random,84,math-calculation,vector_db,regex_processor,0.08242403071750469,230,25
3,random,85,text-summarization,vector_db,calculator,0.08365508420174886,210,20
3,random,86,code-snippet,knowledge_base,small_llm,0.15313588829314137,1120,110
3,random,87,code-snippet,vector_db,calculator,0.12949613962581027,210,20
3,random,88,factual-lookup,vector_db,small_llm,0.2277061020777514,1150,105
3,random,89,factual-lookup,vector_db,regex_processor,0.1034221203677858,230,25
3,random,90,factual-lookup,knowledge_base,small_llm,0.33123310698905395,1120,110
3,random,91,code-snippet,knowledge_base,calculator,0.054074660780734404,180,25
3,random,92,math-calculation,knowledge_base,small_llm,-0.0197421096484261,1120,110
3,random,93,math-calculation,knowledge_base,calculator,0.3050515169144952,180,25
3,random,94,text-summarization,vector_db,small_llm,0.573887656296953,1150,105
3,random,95,math-calculation,web_search,regex_processor,-0.015857274428927176,580,70
3,random,96,code-snippet,web_search,small_llm,0.26240680631531904,1500,150
3,random,97,text-summarization,vector_db,small_llm,0.5852931722553485,1150,105
3,random,98,math-calculation,web_search,small_llm,-0.17685043384411978,1500,150
3,random,99,code-snippet,knowledge_base,regex_processor,0.2719833175797909,200,30
3,greedy-cheapest,0,factual-lookup,vector_db,calculator,-0.041,210,20
3,greedy-cheapest,1,text-summarization,vector_db,calculator,-0.024339572656803015,210,20
3,greedy-cheapest,2,code-snippet,vector_db,calculator,0.07771057403661219,210,20
3,greedy-cheapest,3,code-snippet,vector_db,calculator,0.06243358689944486,210,20
3,greedy-cheapest,4,math-calculation,vector_db,calculator,0.21573934618625287,210,20
3,greedy-cheapest,5,math-calculation,vector_db,calculator,0.2585750338511086,210,20
3,greedy-cheapest,6,math-calculation,vector_db,calculator,0.22966600389870565,210,20
3,greedy-cheapest,7,factual-lookup,vector_db,calculator,0.011077097707113084,210,20
3,greedy-cheapest,8,text-summarization,vector_db,calculator,-0.011528321301733528,210,20
3,greedy-cheapest,9,text-summarization,vector_db,calculator,-0.00907658865255586,210,20
3,greedy-cheapest,10,factual-lookup,vector_db,calculator,0.08331877997167389,210,20
3,greedy-cheapest,11,factual-lookup,vector_db,calculator,0.01335401443193835,210,20
3,greedy-cheapest,12,math-calculation,vector_db,calculator,0.2498580512701132,210,20
3,greedy-cheapest,13,code-snippet,vector_db,calculator,0.09828387202940347,210,20
3,greedy-cheapest,14,text-summarization,vector_db,calculator,0.032867557908266336,210,20
3,greedy-cheapest,15,math-calculation,vector_db,calculator,0.20583415505020183,210,20
3,greedy-cheapest,16,factual-lookup,vector_db,calculator,0.05500539916409506,210,20
3,greedy-cheapest,17,math-calculation,vector_db,calculator,0.26357583516411764,210,20
3,greedy-cheapest,18,factual-lookup,vector_db,calculator,0.04338387346584326,210,20
3,greedy-cheapest,19,code-snippet,vector_db,calculator,0.02917661323589129,210,20
3,greedy-cheapest,20,code-snippet,vector_db,calculator,0.1150163230263376,210,20
3,greedy-cheapest,21,code-snippet,vector_db,calculator,0.05076601135685523,210,20
3,greedy-cheapest,22,factual-lookup,vector_db,calculator,0.027281023342551357,210,20
3,greedy-cheapest,23,math-calculation,vector_db,calculator,0.32927990830090464,210,20
3,greedy-cheapest,24,code-snippet,vector_db,calculator,0.12760486540262517,210,20
3,greedy-cheapest,25,text-summarization,vector_db,calculator,-0.03825930737587157,210,20
3,greedy-cheapest,26,math-calculation,vector_db,calculator,0.28820291555126243,210,20
3,greedy-cheapest,27,factual-lookup,vector_db,calculator,0.0009479800016888029,210,20
3,greedy-cheapest,28,text-summarization,vector_db,calculator,-0.041,210,20
3,greedy-cheapest,29,text-summarization,vector_db,calculator,0.017499385223374048,210,20
3,greedy-cheapest,30,code-snippet,vector_db,calculator,0.0743540435360831,210,20
3,greedy-cheapest,31,code-snippet,vector_db,calculator,0.1021435959330333,210,20
3,greedy-cheapest,32,code-snippet,vector_db,calculator,0.04358784193306999,210,20
3,greedy-cheapest,33,factual-lookup,vector_db,calculator,0.07507333423826434,210,20
3,greedy-cheapest,34,factual-lookup,vector_db,calculator,0.0034655101942996716,210,20
3,greedy-cheapest,35,math-calculation,vector_db,calculator,0.25943515463046635,210,20
3,greedy-cheapest,36,text-summarization,vector_db,calculator,-0.041,210,20
3,greedy-cheapest,37,text-summarization,vector_db,calculator,-0.041,210,20
3,greedy-cheapest,38,factual-lookup,vector_db,calculator,0.03519591963441628,210,20
3,greedy-cheapest,39,factual-lookup,vector_db,calculator,-0.03139873776915632,210,20
3,greedy-cheapest,40,math-calculation,vector_db,calculator,0.34309127725333405,210,20
3,greedy-cheapest,41,code-snippet,vector_db,calculator,0.13566044471017166,210,20
3,greedy-cheapest,42,code-snippet,vector_db,calculator,0.07115864617152576,210,20
3,greedy-cheapest,43,text-summarization,vector_db,calculator,-0.03390721976022966,210,20
3,greedy-cheapest,44,math-calculation,vector_db,calculator,0.2932257569785168,210,20
3,greedy-cheapest,45,factual-lookup,vector_db,calculator,0.015253565464389322,210,20
3,greedy-cheapest,46,text-summarization,vector_db,calculator,0.018960235679620123,210,20
3,greedy-cheapest,47,factual-lookup,vector_db,calculator,-0.032393569270817074,210,20
3,greedy-cheapest,48,text-summarization,vector_db,calculator,0.0419842154841071,210,20
3,greedy-cheapest,49,factual-lookup,vector_db,calculator,0.040741218135465405,210,20
3,greedy-cheapest,50,text-summarization,vector_db,calculator,0.006470872678367261,210,20
3,greedy-cheapest,51,math-calculation,vector_db,calculator,0.2468332457128912,210,20
3,greedy-cheapest,52,code-snippet,vector_db,calculator,0.08515170846959955,210,20
3,greedy-cheapest,53,math-calculation,vector_db,calculator,0.2534609931944203,210,20
3,greedy-cheapest,54,math-calculation,vector_db,calculator,0.27023192618246883,210,20
3,greedy-cheapest,55,math-calculation,vector_db,calculator,0.3339327379067742,210,20
3,greedy-cheapest,56,math-calculation,vector_db,calculator,0.1496947552425212,210,20
3,greedy-cheapest,57,text-summarization,vector_db,calculator,0.01414498340351017,210,20
3,greedy-cheapest,58,code-snippet,vector_db,calculator,0.09768915817518925,210,20
3,greedy-cheapest,59,text-summarization,vector_db,calculator,-0.041,210,20
3,greedy-cheapest,60,code-snippet,vector_db,calculator,0.05513638859420395,210,20
3,greedy-cheapest,61,math-calculation,vector_db,calculator,0.26116479501415724,210,20
3,greedy-cheapest,62,factual-lookup,vector_db,calculator,0.031317975874315694,210,20
3,greedy-cheapest,63,factual-lookup,vector_db,calculator,0.038575345063897835,210,20
3,greedy-cheapest,64,code-snippet,vector_db,calculator,0.13398475114534694,210,20
3,greedy-cheapest,65,code-snippet,vector_db,calculator,0.06397392867359628,210,20
3,greedy-cheapest,66,text-summarization,vector_db,calculator,-0.03410596712440362,210,20
3,greedy-cheapest,67,factual-lookup,vector_db,calculator,0.06201641731872066,210,20
3,greedy-cheapest,68,text-summarization,vector_db,calculator,-0.020885236695626686,210,20
3,greedy-cheapest,69,factual-lookup,vector_db,calculator,0.006021005220506595,210,20
3,greedy-cheapest,70,text-summarization,vector_db,calculator,0.011101649547370723,210,20
3,greedy-cheapest,71,code-snippet,vector_db,calculator,0.10411633121096348,210,20
3,greedy-cheapest,72,factual-lookup,vector_db,calculator,-0.013142303074918486,210,20
3,greedy-cheapest,73,math-calculation,vector_db,calculator,0.19224945212203084,210,20
3,greedy-cheapest,74,math-calculation,vector_db,calculator,0.2948464841202657,210,20
3,greedy-cheapest,75,text-summarization,vector_db,calculator,0.0017746893041278924,210,20
3,greedy-cheapest,76,text-summarization,vector_db,calculator,-0.041,210,20
3,greedy-cheapest,77,text-summarization,vector_db,calculator,-0.0005924984176845921,210,20
3,greedy-cheapest,78,factual-lookup,vector_db,calculator,0.009341934933746646,210,20
3,greedy-cheapest,79,math-calculation,vector_db,calculator,0.20854359569073466,210,20
3,greedy-cheapest,80,code-snippet,vector_db,calculator,0.08345007869363866,210,20
3,greedy-cheapest,81,factual-lookup,vector_db,calculator,0.056397770685709565,210,20
3,greedy-cheapest,82,code-snippet,vector_db,calculator,0.15327449615983432,210,20
3,greedy-cheapest,83,text-summarization,vector_db,calculator,0.018927870630328594,210,20
3,greedy-cheapest,84,math-calculation,vector_db,calculator,0.23122605772830115,210,20
3,greedy-cheapest,85,text-summarization,vector_db,calculator,0.0414849472188624,210,20
3,greedy-cheapest,86,code-snippet,vector_db,calculator,0.10483749997924083,210,20
3,greedy-cheapest,87,code-snippet,vector_db,calculator,0.09476123181114429,210,20
3,greedy-cheapest,88,factual-lookup,vector_db,calculator,0.05599064689637485,210,20
3,greedy-cheapest,89,factual-lookup,vector_db,calculator,0.0988961967964409,210,20
3,greedy-cheapest,90,factual-lookup,vector_db,calculator,0.11578457074908241,210,20
3,greedy-cheapest,91,code-snippet,vector_db,calculator,0.07630919527785007,210,20
3,greedy-cheapest,92,math-calculation,vector_db,calculator,0.26735240010834627,210,20
3,greedy-cheapest,93,math-calculation,vector_db,calculator,0.22935395125044503,210,20
3,greedy-cheapest,94,text-summarization,vector_db,calculator,0.05697817940693447,210,20
3,greedy-cheapest,95,math-calculation,vector_db,calculator,0.2258649093849567,210,20
3,greedy-cheapest,96,code-snippet,vector_db,calculator,0.05288704668844562,210,20
3,greedy-cheapest,97,text-summarization,vector_db,calculator,-0.041,210,20
3,greedy-cheapest,98,math-calculation,vector_db,calculator,0.2663175180033226,210,20
3,greedy-cheapest,99,code-snippet,vector_db,calculator,0.11119017969379366,210,20
3,greedy-advertised,0,factual-lookup,web_search,small_llm,0.17221674843429086,1500,150
3,greedy-advertised,1,text-summarization,knowledge_base,small_llm,0.2580719955224561,1120,110
3,greedy-advertised,2,code-snippet,web_search,small_llm,0.18453846495074705,1500,150
3,greedy-advertised,3,code-snippet,web_search,small_llm,0.11836386864626963,1500,150
3,greedy-advertised,4,math-calculation,vector_db,small_llm,-0.036136123433528844,1150,105
3,greedy-advertised,5,math-calculation,vector_db,small_llm,-0.05427937833329172,1150,105
3,greedy-advertised,6,math-calculation,vector_db,small_llm,-0.07228631661104032,1150,105
3,greedy-advertised,7,factual-lookup,web_search,small_llm,0.22081332171155182,1500,150
3,greedy-advertised,8,text-summarization,knowledge_base,small_llm,0.2696411412632389,1120,110
3,greedy-advertised,9,text-summarization,knowledge_base,small_llm,0.2930200795939657,1120,110
3,greedy-advertised,10,factual-lookup,web_search,small_llm,0.3442480297387506,1500,150
3,greedy-advertised,11,factual-lookup,web_search,small_llm,0.26166629330395424,1500,150
3,greedy-advertised,12,math-calculation,vector_db,small_llm,-0.052167267477201545,1150,105
3,greedy-advertised,13,code-snippet,web_search,small_llm,0.282848283955971,1500,150
3,greedy-advertised,14,text-summarization,knowledge_base,small_llm,0.26582206604604475,1120,110
3,greedy-advertised,15,math-calculation,vector_db,small_llm,-0.08310695617184552,1150,105
3,greedy-advertised,16,factual-lookup,web_search,small_llm,0.32532324855289324,1500,150
3,greedy-advertised,17,math-calculation,vector_db,small_llm,-0.04227841098378546,1150,105
3,greedy-advertised,18,factual-lookup,web_search,small_llm,0.22644615101350024,1500,150
3,greedy-advertised,19,code-snippet,web_search,small_llm,0.12315970814876653,1500,150
3,greedy-advertised,20,code-snippet,web_search,small_llm,0.24324944799739662,1500,150
3,greedy-advertised,21,code-snippet,web_search,small_llm,0.16000208364741675,1500,150
3,greedy-advertised,22,factual-lookup,web_search,small_llm,0.26827480282786614,1500,150
3,greedy-advertised,23,math-calculation,vector_db,small_llm,-0.0025085423811415375,1150,105
3,greedy-advertised,24,code-snippet,web_search,small_llm,0.25212479089316525,1500,150
3,greedy-advertised,25,text-summarization,knowledge_base,small_llm,0.22056590004897234,1120,110
3,greedy-advertised,26,math-calculation,vector_db,small_llm,-0.02934972915470191,1150,105
3,greedy-advertised,27,factual-lookup,web_search,small_llm,0.22679214999896774,1500,150
3,greedy-advertised,28,text-summarization,knowledge_base,small_llm,0.20010873950343597,1120,110
3,greedy-advertised,29,text-summarization,knowledge_base,small_llm,0.2989128966213882,1120,110
3,greedy-advertised,30,code-snippet,web_search,small_llm,0.14193780258504674,1500,150
3,greedy-advertised,31,code-snippet,web_search,small_llm,0.18991730425604758,1500,150
3,greedy-advertised,32,code-snippet,web_search,small_llm,0.10076364189114506,1500,150
3,greedy-advertised,33,factual-lookup,web_search,small_llm,0.34826784703721797,1500,150
3,greedy-advertised,34,factual-lookup,web_search,small_llm,0.18428987763175314,1500,150
3,greedy-advertised,35,math-calculation,vector_db,small_llm,-0.05561727735919905,1150,105
3,greedy-advertised,36,text-summarization,knowledge_base,small_llm,0.2940377112363878,1120,110
3,greedy-advertised,37,text-summarization,knowledge_base,small_llm,0.24270089636254735,1120,110
3,greedy-advertised,38,factual-lookup,web_search,small_llm,0.298917438547222,1500,150
3,greedy-advertised,39,factual-lookup,web_search,small_llm,0.1788176862591705,1500,150
3,greedy-advertised,40,math-calculation,vector_db,small_llm,0.0057069870472390705,1150,105
3,greedy-advertised,41,code-snippet,web_search,small_llm,0.27830656628193146,1500,150
3,greedy-advertised,42,code-snippet,web_search,small_llm,0.20510662648696526,1500,150
3,greedy-advertised,43,text-summarization,knowledge_base,small_llm,0.19658442476542828,1120,110
3,greedy-advertised,44,math-calculation,vector_db,small_llm,-0.044230798360157975,1150,105
3,greedy-advertised,45,factual-lookup,web_search,small_llm,0.23732877867904206,1500,150
3,greedy-advertised,46,text-summarization,knowledge_base,small_llm,0.2783762244639817,1120,110
3,greedy-advertised,47,factual-lookup,web_search,small_llm,0.15575383736088777,1500,150
3,greedy-advertised,48,text-summarization,knowledge_base,small_llm,0.27777928836890164,1120,110
3,greedy-advertised,49,factual-lookup,web_search,small_llm,0.303363304414128,1500,150
3,greedy-advertised,50,text-summarization,knowledge_base,small_llm,0.2450334475000834,1120,110
3,greedy-advertised,51,math-calculation,vector_db,small_llm,-0.04993075373385397,1150,105
3,greedy-advertised,52,code-snippet,web_search,small_llm,0.17999657008806003,1500,150
3,greedy-advertised,53,math-calculation,vector_db,small_llm,-0.05004654646794074,1150,105
3,greedy-advertised,54,math-calculation,vector_db,small_llm,-0.009139831015136102,1150,105
3,greedy-advertised,55,math-calculation,vector_db,small_llm,0.014271794018459821,1150,105
3,greedy-advertised,56,math-calculation,vector_db,small_llm,-0.11445591224919395,1150,105
3,greedy-advertised,57,text-summarization,knowledge_base,small_llm,0.23659848568881528,1120,110
3,greedy-advertised,58,code-snippet,web_search,small_llm,0.14168455058336815,1500,150
3,greedy-advertised,59,text-summarization,knowledge_base,small_llm,0.2676567161230041,1120,110
3,greedy-advertised,60,code-snippet,web_search,small_llm,0.14633649144096095,1500,150
3,greedy-advertised,61,math-calculation,vector_db,small_llm,-0.04412541822361851,1150,105
3,greedy-advertised,62,factual-lookup,web_search,small_llm,0.29012772850561647,1500,150
3,greedy-advertised,63,factual-lookup,web_search,small_llm,0.30070563166223124,1500,150
3,greedy-advertised,64,code-snippet,web_search,small_llm,0.31032696071933624,1500,150
3,greedy-advertised,65,code-snippet,web_search,small_llm,0.23214600630147547,1500,150
3,greedy-advertised,66,text-summarization,knowledge_base,small_llm,0.22391535612995409,1120,110
3,greedy-advertised,67,factual-lookup,web_search,small_llm,0.3328819951908886,1500,150
3,greedy-advertised,68,text-summarization,knowledge_base,small_llm,0.2275391127327651,1120,110
3,greedy-advertised,69,factual-lookup,web_search,small_llm,0.2503689330484296,1500,150
3,greedy-advertised,70,text-summarization,knowledge_base,small_llm,0.2197092189644296,1120,110
3,greedy-advertised,71,code-snippet,web_search,small_llm,0.30578345613954533,1500,150
3,greedy-advertised,72,factual-lookup,web_search,small_llm,0.19932159197992327,1500,150
3,greedy-advertised,73,math-calculation,vector_db,small_llm,-0.08559019874111515,1150,105
3,greedy-advertised,74,math-calculation,vector_db,small_llm,-0.03144578108447316,1150,105
3,greedy-advertised,75,text-summarization,knowledge_base,small_llm,0.2717916515757185,1120,110
3,greedy-advertised,76,text-summarization,knowledge_base,small_llm,0.2209031055014732,1120,110
3,greedy-advertised,77,text-summarization,knowledge_base,small_llm,0.2338986879502261,1120,110
3,greedy-advertised,78,factual-lookup,web_search,small_llm,0.22480739362140684,1500,150
3,greedy-advertised,79,math-calculation,vector_db,small_llm,-0.08184532043221901,1150,105
3,greedy-advertised,80,code-snippet,web_search,small_llm,0.23319254848584453,1500,150
3,greedy-advertised,81,factual-lookup,web_search,small_llm,0.30372248317375833,1500,150
3,greedy-advertised,82,code-snippet,web_search,small_llm,0.29099150922253497,1500,150
3,greedy-advertised,83,text-summarization,knowledge_base,small_llm,0.17064530530800334,1120,110
3,greedy-advertised,84,math-calculation,vector_db,small_llm,-0.06640483440607753,1150,105
3,greedy-advertised,85,text-summarization,knowledge_base,small_llm,0.31988596924495327,1120,110
3,greedy-advertised,86,code-snippet,web_search,small_llm,0.25922863068658236,1500,150
3,greedy-advertised,87,code-snippet,web_search,small_llm,0.26878270457727976,1500,150
3,greedy-advertised,88,factual-lookup,web_search,small_llm,0.3034579889307813,1500,150
3,greedy-advertised,89,factual-lookup,web_search,small_llm,0.3531232148306949,1500,150
3,greedy-advertised,90,factual-lookup,web_search,small_llm,0.40877876613101966,1500,150
3,greedy-advertised,91,code-snippet,web_search,small_llm,0.19740276807094048,1500,150
3,greedy-advertised,92,math-calculation,vector_db,small_llm,-0.039080758558318884,1150,105
3,greedy-advertised,93,math-calculation,vector_db,small_llm,-0.06601635348176371,1150,105
3,greedy-advertised,94,text-summarization,knowledge_base,small_llm,0.2771597860539583,1120,110
3,greedy-advertised,95,math-calculation,vector_db,small_llm,-0.05926510651755426,1150,105
3,greedy-advertised,96,code-snippet,web_search,small_llm,0.15536306726616383,1500,150
3,greedy-advertised,97,text-summarization,knowledge_base,small_llm,0.19161960149394444,1120,110
3,greedy-advertised,98,math-calculation,vector_db,small_llm,-0.03512913968492126,1150,105
3,greedy-advertised,99,code-snippet,web_search,small_llm,0.23596960046571241,1500,150
3,oracle,0,factual-lookup,web_search,small_llm,0.17221674843429086,1500,150
3,oracle,1,text-summarization,vector_db,small_llm,0.490474875445857,1150,105
3,oracle,2,code-snippet,vector_db,regex_processor,0.384394341733851,230,25
3,oracle,3,code-snippet,vector_db,regex_processor,0.3299339336707636,230,25
3,oracle,4,math-calculation,knowledge_base,calculator,0.2637393461862529,180,25
3,oracle,5,math-calculation,knowledge_base,calculator,0.3046934568652546,180,25
3,oracle,6,math-calculation,knowledge_base,calculator,0.2749958880334333,180,25
3,oracle,7,factual-lookup,web_search,small_llm,0.22081332171155182,1500,150
3,oracle,8,text-summarization,vector_db,small_llm,0.5061592211810718,1150,105
3,oracle,9,text-summarization,vector_db,small_llm,0.5300225529806335,1150,105
3,oracle,10,factual-lookup,web_search,small_llm,0.3442480297387506,1500,150
3,oracle,11,factual-lookup,web_search,small_llm,0.26166629330395424,1500,150
3,oracle,12,math-calculation,knowledge_base,calculator,0.2978580512701133,180,25
3,oracle,13,code-snippet,vector_db,regex_processor,0.4646610728818748,230,25
3,oracle,14,text-summarization,vector_db,small_llm,0.5178220660460447,1150,105
3,oracle,15,math-calculation,knowledge_base,calculator,0.2521048544691022,180,25
3,oracle,16,factual-lookup,web_search,small_llm,0.32532324855289324,1500,150
3,oracle,17,math-calculation,knowledge_base,calculator,0.31157583516411763,180,25
3,oracle,18,factual-lookup,web_search,small_llm,0.22644615101350024,1500,150
3,oracle,19,code-snippet,vector_db,regex_processor,0.3231854942406877,230,25
3,oracle,20,code-snippet,vector_db,regex_processor,0.4399274670143626,230,25
3,oracle,21,code-snippet,vector_db,regex_processor,0.35764682496478567,230,25
3,oracle,22,factual-lookup,web_search,small_llm,0.26827480282786614,1500,150
3,oracle,23,math-calculation,knowledge_base,calculator,0.37727990830090463,180,25
3,oracle,24,code-snippet,vector_db,regex_processor,0.45045025655924065,230,25
3,oracle,25,text-summarization,vector_db,small_llm,0.44849215537836773,1150,105
3,oracle,26,math-calculation,knowledge_base,calculator,0.3362029155512624,180,25
3,oracle,27,factual-lookup,web_search,small_llm,0.22679214999896774,1500,150
3,oracle,28,text-summarization,vector_db,small_llm,0.4084350610227111,1150,105
3,oracle,29,text-summarization,vector_db,small_llm,0.5445549998807006,1150,105
3,oracle,30,code-snippet,vector_db,regex_processor,0.35138261493882084,230,25
3,oracle,31,code-snippet,vector_db,regex_processor,0.39604110434450224,230,25
3,oracle,32,code-snippet,vector_db,regex_processor,0.31073366009698433,230,25
3,oracle,33,factual-lookup,web_search,small_llm,0.34826784703721797,1500,150
3,oracle,34,factual-lookup,web_search,small_llm,0.18428987763175314,1500,150
3,oracle,35,math-calculation,knowledge_base,calculator,0.3049121142855917,180,25
3,oracle,36,text-summarization,vector_db,small_llm,0.5186473777161655,1150,105
3,oracle,37,text-summarization,vector_db,small_llm,0.46909582738074096,1150,105
3,oracle,38,factual-lookup,web_search,small_llm,0.298917438547222,1500,150
3,oracle,39,factual-lookup,web_search,small_llm,0.1788176862591705,1500,150
3,oracle,40,math-calculation,knowledge_base,calculator,0.39109127725333404,180,25
3,oracle,41,code-snippet,vector_db,regex_processor,0.4724995406479057,230,25
3,oracle,42,code-snippet,vector_db,regex_processor,0.3978893106246015,230,25
3,oracle,43,text-summarization,vector_db,small_llm,0.4260819250234157,1150,105
3,oracle,44,math-calculation,knowledge_base,calculator,0.3365748039755283,180,25
3,oracle,45,factual-lookup,web_search,small_llm,0.23732877867904206,1500,150
3,oracle,46,text-summarization,vector_db,small_llm,0.5250680918203293,1150,105
3,oracle,47,factual-lookup,web_search,small_llm,0.15575383736088777,1500,150
3,oracle,48,text-summarization,vector_db,small_llm,0.5297792883689016,1150,105
3,oracle,49,factual-lookup,web_search,small_llm,0.303363304414128,1500,150
3,oracle,50,text-summarization,vector_db,small_llm,0.4881988686975862,1150,105
3,oracle,51,math-calculation,knowledge_base,calculator,0.2948332457128912,180,25
3,oracle,52,code-snippet,vector_db,regex_processor,0.38329052499742755,230,25
3,oracle,53,math-calculation,knowledge_base,calculator,0.30146099319442027,180,25
3,oracle,54,math-calculation,knowledge_base,calculator,0.3182319261824688,180,25
3,oracle,55,math-calculation,knowledge_base,calculator,0.3819327379067741,180,25
3,oracle,56,math-calculation,knowledge_base,calculator,0.1958439636807653,180,25
3,oracle,57,text-summarization,vector_db,small_llm,0.48275750568742826,1150,105
3,oracle,58,code-snippet,vector_db,regex_processor,0.3587134959488061,230,25
3,oracle,59,text-summarization,vector_db,small_llm,0.4908808303949317,1150,105
3,oracle,60,code-snippet,vector_db,regex_processor,0.34867267537866864,230,25
3,oracle,61,math-calculation,knowledge_base,calculator,0.3091647950141572,180,25
3,oracle,62,factual-lookup,web_search,small_llm,0.29012772850561647,1500,150
3,oracle,63,factual-lookup,web_search,small_llm,0.30070563166223124,1500,150
3,oracle,64,code-snippet,vector_db,regex_processor,0.4959829082430533,230,25
3,oracle,65,code-snippet,vector_db,regex_processor,0.41618768994545824,230,25
3,oracle,66,text-summarization,vector_db,small_llm,0.4532432008569286,1150,105
3,oracle,67,factual-lookup,web_search,small_llm,0.3328819951908886,1500,150
3,oracle,68,text-summarization,vector_db,small_llm,0.461383264144385,1150,105
3,oracle,69,factual-lookup,web_search,small_llm,0.2503689330484296,1500,150
3,oracle,70,text-summarization,vector_db,small_llm,0.4652251501178237,1150,105
3,oracle,71,code-snippet,vector_db,regex_processor,0.48369463201359414,230,25
3,oracle,72,factual-lookup,web_search,small_llm,0.19932159197992327,1500,150
3,oracle,73,math-calculation,knowledge_base,calculator,0.24024945212203086,180,25
3,oracle,74,math-calculation,knowledge_base,calculator,0.34186942092247197,180,25
3,oracle,75,text-summarization,vector_db,small_llm,0.5127406087945573,1150,105
3,oracle,76,text-summarization,vector_db,small_llm,0.4413261173441876,1150,105
3,oracle,77,text-summarization,vector_db,small_llm,0.4747921792951004,1150,105
3,oracle,78,factual-lookup,web_search,small_llm,0.22480739362140684,1500,150
3,oracle,79,math-calculation,knowledge_base,calculator,0.2547098540052386,180,25
3,oracle,80,code-snippet,vector_db,regex_processor,0.42277778555176704,230,25
3,oracle,81,factual-lookup,web_search,small_llm,0.30372248317375833,1500,150
3,oracle,82,code-snippet,vector_db,regex_processor,0.48739375151375713,230,25
3,oracle,83,text-summarization,vector_db,small_llm,0.4208560421145422,1150,105
3,oracle,84,math-calculation,knowledge_base,calculator,0.2785627872753459,180,25
3,oracle,85,text-summarization,vector_db,small_llm,0.5718859692449533,1150,105
3,oracle,86,code-snippet,vector_db,regex_processor,0.4488212672369617,230,25
3,oracle,87,code-snippet,vector_db,regex_processor,0.45300279888660205,230,25
3,oracle,88,factual-lookup,web_search,small_llm,0.3034579889307813,1500,150
3,oracle,89,factual-lookup,web_search,small_llm,0.3531232148306949,1500,150
3,oracle,90,factual-lookup,web_search,small_llm,0.40877876613101966,1500,150
3,oracle,91,code-snippet,vector_db,regex_processor,0.39364446559895555,230,25
3,oracle,92,math-calculation,knowledge_base,calculator,0.31535240010834625,180,25
3,oracle,93,math-calculation,knowledge_base,calculator,0.27730320561787614,180,25
3,oracle,94,text-summarization,vector_db,small_llm,0.5291597860539583,1150,105
3,oracle,95,math-calculation,knowledge_base,calculator,0.2738649093849567,180,25
3,oracle,96,code-snippet,vector_db,regex_processor,0.35479045829994543,230,25
3,oracle,97,text-summarization,vector_db,small_llm,0.4162422782209164,1150,105
3,oracle,98,math-calculation,knowledge_base,calculator,0.3143175180033226,180,25
3,oracle,99,code-snippet,vector_db,regex_processor,0.4332980516571636,230,25
4,pheromone_router,0,factual-lookup,vector_db,regex_processor,0.10843348367930337,230,25
4,pheromone_router,1,text-summarization,knowledge_base,small_llm,0.19759061079068055,1120,110
4,pheromone_router,2,code-snippet,web_search,small_llm,0.17548379972756184,1500,150
4,pheromone_router,3,code-snippet,web_search,small_llm,0.17898670085725804,1500,150
4,pheromone_router,4,math-calculation,vector_db,small_llm,-0.08683931299071163,1150,105
4,pheromone_router,5,math-calculation,vector_db,regex_processor,0.05368136519731788,230,25
4,pheromone_router,6,math-calculation,vector_db,small_llm,-0.07958382614206594,1150,105
4,pheromone_router,7,factual-lookup,vector_db,small_llm,0.1592976784385388,1150,105
4,pheromone_router,8,text-summarization,knowledge_base,regex_processor,0.1221680383587584,200,30
4,pheromone_router,9,text-summarization,web_search,small_llm,0.17001259881510616,1500,150
4,pheromone_router,10,factual-lookup,vector_db,small_llm,0.26724557477783817,1150,105
4,pheromone_router,11,factual-lookup,knowledge_base,small_llm,0.22293617955707315,1120,110
4,pheromone_router,12,math-calculation,knowledge_base,small_llm,-0.08107642970261747,1120,110
4,pheromone_router,13,code-snippet,vector_db,small_llm,0.36889231219746255,1150,105
4,pheromone_router,14,text-summarization,vector_db,small_llm,0.48117827059686336,1150,105
4,pheromone_router,15,math-calculation,knowledge_base,small_llm,-0.06976709760907651,1120,110
4,pheromone_router,16,factual-lookup,vector_db,small_llm,0.20524769844496973,1150,105
4,pheromone_router,17,math-calculation,vector_db,small_llm,-0.04272280459165964,1150,105
4,pheromone_router,18,factual-lookup,knowledge_base,small_llm,0.28988593197671064,1120,110
4,pheromone_router,19,code-snippet,web_search,calculator,0.018016931641776868,560,65
4,pheromone_router,20,code-snippet,web_search,small_llm,0.27506006500806807,1500,150
4,pheromone_router,21,code-snippet,vector_db,small_llm,0.39423793819264685,1150,105
4,pheromone_router,22,factual-lookup,web_search,small_llm,0.30676301069627937,1500,150
4,pheromone_router,23,math-calculation,knowledge_base,small_llm,-0.025402898808498636,1120,110
4,pheromone_router,24,code-snippet,vector_db,small_llm,0.4252314158950061,1150,105
4,pheromone_router,25,text-summarization,vector_db,small_llm,0.4946787700246912,1150,105
4,pheromone_router,26,math-calculation,knowledge_base,small_llm,-0.052567683901583784,1120,110
4,pheromone_router,27,factual-lookup,vector_db,small_llm,0.17355501763044792,1150,105
4,pheromone_router,28,text-summarization,vector_db,small_llm,0.49565080707644915,1150,105
4,pheromone_router,29,text-summarization,vector_db,small_llm,0.5351901967286752,1150,105
4,pheromone_router,30,code-snippet,vector_db,small_llm,0.4103117823573882,1150,105
4,pheromone_router,31,code-snippet,web_search,small_llm,0.26702704598318144,1500,150
4,pheromone_router,32,code-snippet,web_search,small_llm,0.2635671810136259,1500,150
4,pheromone_router,33,factual-lookup,vector_db,small_llm,0.1761758985701852,1150,105
4,pheromone_router,34,factual-lookup,web_search,small_llm,0.2561048308410749,1500,150
4,pheromone_router,35,math-calculation,vector_db,small_llm,-0.103126629892335,1150,105
4,pheromone_router,36,text-summarization,knowledge_base,small_llm,0.170859758936336,1120,110
4,pheromone_router,37,text-summarization,vector_db,small_llm,0.6015888138296809,1150,105
4,pheromone_router,38,factual-lookup,web_search,small_llm,0.2411949650472916,1500,150
4,pheromone_router,39,factual-lookup,vector_db,small_llm,0.21417818098955912,1150,105
4,pheromone_router,40,math-calculation,vector_db,small_llm,-0.0010840107841035285,1150,105
4,pheromone_router,41,code-snippet,knowledge_base,small_llm,0.05693099674237104,1120,110
4,pheromone_router,42,code-snippet,vector_db,small_llm,0.3348721868091217,1150,105
4,pheromone_router,43,text-summarization,vector_db,regex_processor,0.24241226960448053,230,25
4,pheromone_router,44,math-calculation,vector_db,small_llm,-0.056883461977582456,1150,105
4,pheromone_router,45,factual-lookup,knowledge_base,small_llm,0.36009705991493846,1120,110
4,pheromone_router,46,text-summarization,vector_db,small_llm,0.43599748030550345,1150,105
4,pheromone_router,47,factual-lookup,web_search,small_llm,0.3347414331519936,1500,150
4,pheromone_router,48,text-summarization,web_search,small_llm,0.24842955990800203,1500,150
4,pheromone_router,49,factual-lookup,vector_db,small_llm,0.22696210070402087,1150,105
4,pheromone_router,50,text-summarization,knowledge_base,small_llm,0.31363575036729974,1120,110
4,pheromone_router,51,math-calculation,web_search,small_llm,-0.12257041697879573,1500,150
4,pheromone_router,52,code-snippet,vector_db,calculator,0.05516042400732326,210,20
4,pheromone_router,53,math-calculation,vector_db,small_llm,-0.09351208237598524,1150,105
4,pheromone_router,54,math-calculation,vector_db,small_llm,-0.07586040417272405,1150,105
4,pheromone_router,55,math-calculation,vector_db,calculator,0.2440119782328671,210,20
4,pheromone_router,56,math-calculation,knowledge_base,small_llm,0.01772918850329544,1120,110
4,pheromone_router,57,text-summarization,knowledge_base,small_llm,0.21408659693976442,1120,110
4,pheromone_router,58,code-snippet,web_search,small_llm,0.1598485893804718,1500,150
4,pheromone_router,59,text-summarization,knowledge_base,small_llm,0.29554860276806394,1120,110
4,pheromone_router,60,code-snippet,web_search,small_llm,0.25523615717816167,1500,150
4,pheromone_router,61,math-calculation,knowledge_base,small_llm,-0.08262147075340995,1120,110
4,pheromone_router,62,factual-lookup,vector_db,small_llm,0.263368907127874,1150,105
4,pheromone_router,63,factual-lookup,knowledge_base,regex_processor,0.11938573360954167,200,30
4,pheromone_router,64,code-snippet,web_search,small_llm,0.06733377714209782,1500,150
4,pheromone_router,65,code-snippet,knowledge_base,regex_processor,0.23226170038312816,200,30
4,pheromone_router,66,text-summarization,knowledge_base,small_llm,0.17976758886104746,1120,110
4,pheromone_router,67,factual-lookup,knowledge_base,small_llm,0.27063147558897027,1120,110
4,pheromone_router,68,text-summarization,vector_db,calculator,-0.03306161860825032,210,20
4,pheromone_router,69,factual-lookup,web_search,regex_processor,0.13316941261726423,580,70
4,pheromone_router,70,text-summarization,vector_db,small_llm,0.4552598673341701,1150,105
4,pheromone_router,71,code-snippet,web_search,small_llm,0.218176125594647,1500,150
4,pheromone_router,72,factual-lookup,vector_db,small_llm,0.1950555938662403,1150,105
4,pheromone_router,73,math-calculation,web_search,small_llm,-0.1813012838480867,1500,150
4,pheromone_router,74,math-calculation,vector_db,small_llm,-0.019583400236711984,1150,105
4,pheromone_router,75,text-summarization,knowledge_base,small_llm,0.264760814222909,1120,110
4,pheromone_router,76,text-summarization,web_search,small_llm,0.15881723013959853,1500,150
4,pheromone_router,77,text-summarization,knowledge_base,small_llm,0.24082805601562193,1120,110
4,pheromone_router,78,factual-lookup,web_search,small_llm,0.23309758158939758,1500,150
4,pheromone_router,79,math-calculation,vector_db,small_llm,-0.099347702204708,1150,105
4,pheromone_router,80,code-snippet,web_search,small_llm,0.1853122008218115,1500,150
4,pheromone_router,81,factual-lookup,vector_db,small_llm,0.27333449655061215,1150,105
4,pheromone_router,82,code-snippet,web_search,small_llm,0.11686041207555858,1500,150
4,pheromone_router,83,text-summarization,knowledge_base,small_llm,0.30310228791097327,1120,110
4,pheromone_router,84,math-calculation,knowledge_base,small_llm,-0.01442390359178608,1120,110
4,pheromone_router,85,text-summarization,knowledge_base,small_llm,0.2800141726567693,1120,110
4,pheromone_router,86,code-snippet,vector_db,regex_processor,0.3907519143695237,230,25
4,pheromone_router,87,code-snippet,vector_db,regex_processor,0.43815865289297906,230,25
4,pheromone_router,88,factual-lookup,web_search,calculator,-0.04016976698457324,560,65
4,pheromone_router,89,factual-lookup,knowledge_base,small_llm,0.36760781238175844,1120,110
4,pheromone_router,90,factual-lookup,knowledge_base,small_llm,0.31439328523526056,1120,110
4,pheromone_router,91,code-snippet,web_search,small_llm,0.20785962337664904,1500,150
4,pheromone_router,92,math-calculation,vector_db,regex_processor,0.05916301533682437,230,25
4,pheromone_router,93,math-calculation,vector_db,small_llm,-0.05244813093397435,1150,105
4,pheromone_router,94,text-summarization,knowledge_base,small_llm,0.28760444744336433,1120,110
4,pheromone_router,95,math-calculation,web_search,small_llm,-0.18406660564403565,1500,150
4,pheromone_router,96,code-snippet,vector_db,small_llm,0.3465715573489405,1150,105
4,pheromone_router,97,text-summarization,vector_db,small_llm,0.5065074827061257,1150,105
4,pheromone_router,98,math-calculation,vector_db,small_llm,-0.029322270001268635,1150,105
4,pheromone_router,99,code-snippet,knowledge_base,small_llm,0.14700081596517864,1120,110
4,random,0,factual-lookup,web_search,small_llm,0.34305866744392527,1500,150
4,random,1,text-summarization,web_search,calculator,-0.09772523144185269,560,65
4,random,2,code-snippet,vector_db,small_llm,0.2859531682520561,1150,105
4,random,3,code-snippet,knowledge_base,regex_processor,0.27067803354160264,200,30
4,random,4,math-calculation,web_search,regex_processor,-0.038358789675683916,580,70
4,random,5,math-calculation,web_search,regex_processor,-0.05781704253852635,580,70
4,random,6,math-calculation,vector_db,calculator,0.2014489332317096,210,20
4,random,7,factual-lookup,vector_db,small_llm,0.20744901064410823,1150,105
4,random,8,text-summarization,vector_db,regex_processor,0.14945449583672216,230,25
4,random,9,text-summarization,vector_db,small_llm,0.4458183032774248,1150,105
4,random,10,factual-lookup,knowledge_base,regex_processor,0.05195110323037819,200,30
4,random,11,factual-lookup,vector_db,regex_processor,0.12947696833124223,230,25
4,random,12,math-calculation,knowledge_base,regex_processor,0.05839579245044557,200,30
4,random,13,code-snippet,vector_db,calculator,0.09142689939017673,210,20
4,random,14,text-summarization,vector_db,calculator,-0.02949556095382007,210,20
4,random,15,math-calculation,web_search,calculator,0.07876899591021838,560,65
4,random,16,factual-lookup,knowledge_base,small_llm,0.33569190116715797,1120,110
4,random,17,math-calculation,knowledge_base,calculator,0.2925637816485389,180,25
4,random,18,factual-lookup,knowledge_base,small_llm,0.24746165088841568,1120,110
4,random,19,code-snippet,knowledge_base,regex_processor,0.2068566836293363,200,30
4,random,20,code-snippet,vector_db,regex_processor,0.43548517926619335,230,25
4,random,21,code-snippet,knowledge_base,regex_processor,0.27426332396054265,200,30
4,random,22,factual-lookup,web_search,calculator,-0.02607413767807308,560,65
4,random,23,math-calculation,knowledge_base,small_llm,-0.038656356897576905,1120,110
4,random,24,code-snippet,knowledge_base,small_llm,0.09908886927197388,1120,110
4,random,25,text-summarization,vector_db,regex_processor,0.22331309817616363,230,25
4,random,26,math-calculation,vector_db,regex_processor,0.07859673518222783,230,25
4,random,27,factual-lookup,knowledge_base,regex_processor,0.02481538246532479,200,30
4,random,28,text-summarization,web_search,regex_processor,0.057618336698087885,580,70
4,random,29,text-summarization,vector_db,regex_processor,0.1967580879501854,230,25
4,random,30,code-snippet,web_search,calculator,-0.046396228785585095,560,65
4,random,31,code-snippet,knowledge_base,calculator,0.007675155561592095,180,25
4,random,32,code-snippet,vector_db,regex_processor,0.4208630667035122,230,25
4,random,33,factual-lookup,vector_db,regex_processor,0.08708057641378385,230,25
4,random,34,factual-lookup,vector_db,small_llm,0.214188357007942,1150,105
4,random,35,math-calculation,knowledge_base,regex_processor,0.10609809135385846,200,30
4,random,36,text-summarization,web_search,calculator,-0.06988663362026824,560,65
4,random,37,text-summarization,knowledge_base,regex_processor,0.07055266372181238,200,30
4,random,38,factual-lookup,vector_db,small_llm,0.20916148834396595,1150,105
4,random,39,factual-lookup,web_search,calculator,-0.03811250420680247,560,65
4,random,40,math-calculation,web_search,regex_processor,-0.03739841439888436,580,70
4,random,41,code-snippet,knowledge_base,regex_processor,0.1963743851365522,200,30
4,random,42,code-snippet,web_search,regex_processor,0.3615980366494233,580,70
4,random,43,text-summarization,vector_db,calculator,0.02040291409033658,210,20
4,random,44,math-calculation,vector_db,small_llm,-0.01126206834007712,1150,105
4,random,45,factual-lookup,web_search,small_llm,0.3134775151288511,1500,150
4,random,46,text-summarization,vector_db,calculator,-0.041,210,20
4,random,47,factual-lookup,web_search,small_llm,0.18012176852536016,1500,150
4,random,48,text-summarization,web_search,small_llm,0.19453966281604634,1500,150
4,random,49,factual-lookup,knowledge_base,small_llm,0.25605131224819666,1120,110
4,random,50,text-summarization,web_search,regex_processor,0.01692738770792432,580,70
4,random,51,math-calculation,knowledge_base,regex_processor,0.1173068345262951,200,30
4,random,52,code-snippet,vector_db,small_llm,0.34070627111145346,1150,105
4,random,53,math-calculation,web_search,regex_processor,-0.020913986728415088,580,70
4,random,54,math-calculation,web_search,small_llm,-0.16237272069130965,1500,150
4,random,55,math-calculation,vector_db,regex_processor,0.0818462634904558,230,25
4,random,56,math-calculation,knowledge_base,small_llm,0.027643893726591595,1120,110
4,random,57,text-summarization,vector_db,small_llm,0.5080223151621244,1150,105
4,random,58,code-snippet,web_search,regex_processor,0.2514223232956898,580,70
4,random,59,text-summarization,knowledge_base,small_llm,0.31911986883762844,1120,110
4,random,60,code-snippet,vector_db,calculator,0.1330563045279925,210,20
4,random,61,math-calculation,vector_db,small_llm,-0.030997536971959644,1150,105
4,random,62,factual-lookup,web_search,calculator,-0.020780525561524363,560,65
4,random,63,factual-lookup,web_search,small_llm,0.35188600007028253,1500,150
4,random,64,code-snippet,web_search,calculator,0.0018644787413575892,560,65
4,random,65,code-snippet,knowledge_base,regex_processor,0.23594392280389032,200,30
4,random,66,text-summarization,web_search,small_llm,0.16155552725292055,1500,150
4,random,67,factual-lookup,web_search,small_llm,0.32514190354455225,1500,150
4,random,68,text-summarization,web_search,regex_processor,0.041994379470701504,580,70
4,random,69,factual-lookup,knowledge_base,small_llm,0.25179563774151736,1120,110
4,random,70,text-summarization,web_search,small_llm,0.2165998060593653,1500,150
4,random,71,code-snippet,knowledge_base,calculator,0.024839404661345668,180,25
4,random,72,factual-lookup,vector_db,small_llm,0.23117523507408608,1150,105
4,random,73,math-calculation,vector_db,small_llm,-0.004421179509836809,1150,105
4,random,74,math-calculation,knowledge_base,regex_processor,0.1084102112311799,200,30
4,random,75,text-summarization,vector_db,small_llm,0.6207998621774641,1150,105
4,random,76,text-summarization,knowledge_base,regex_processor,0.065717172960645,200,30
4,random,77,text-summarization,vector_db,calculator,-0.00538004250928114,210,20
4,random,78,factual-lookup,knowledge_base,regex_processor,0.059254611107120006,200,30
4,random,79,math-calculation,knowledge_base,calculator,0.3630960435257849,180,25
4,random,80,code-snippet,web_search,small_llm,0.24256957476026303,1500,150
4,random,81,factual-lookup,knowledge_base,calculator,0.057891542401076815,180,25
4,random,82,code-snippet,knowledge_base,calculator,0.0637800227134301,180,25
4,random,83,text-summarization,knowledge_base,regex_processor,0.13304072589300242,200,30
4,random,84,math-calculation,vector_db,small_llm,-0.057738376207415676,1150,105
4,random,85,text-summarization,web_search,regex_processor,0.10880873193904425,580,70
4,random,86,code-snippet,web_search,calculator,-0.008906226971205689,560,65
4,random,87,code-snippet,knowledge_base,regex_processor,0.2717340251688312,200,30
4,random,88,factual-lookup,web_search,small_llm,0.2866178620588304,1500,150
4,random,89,factual-lookup,knowledge_base,calculator,0.0258460132909729,180,25
4,random,90,factual-lookup,knowledge_base,small_llm,0.3507283020983749,1120,110
4,random,91,code-snippet,vector_db,regex_processor,0.33710263390221246,230,25
4,random,92,math-calculation,web_search,small_llm,-0.15478892626688404,1500,150
4,random,93,math-calculation,web_search,small_llm,-0.12439367530105638,1500,150
4,random,94,text-summarization,knowledge_base,calculator,-0.04053121030185521,180,25
4,random,95,math-calculation,vector_db,small_llm,-0.014933861701723838,1150,105
4,random,96,code-snippet,knowledge_base,small_llm,0.14980731546595513,1120,110
4,random,97,text-summarization,knowledge_base,regex_processor,0.08005457009135596,200,30
4,random,98,math-calculation,web_search,regex_processor,-0.0025889684653453426,580,70
4,random,99,code-snippet,vector_db,calculator,0.15158473197142816,210,20
4,greedy-cheapest,0,factual-lookup,vector_db,calculator,0.019910636968904875,210,20
4,greedy-cheapest,1,text-summarization,vector_db,calculator,0.028118950410356162,210,20
4,greedy-cheapest,2,code-snippet,vector_db,calculator,0.0724382725279028,210,20
4,greedy-cheapest,3,code-snippet,vector_db,calculator,0.08736422118201814,210,20
4,greedy-cheapest,4,math-calculation,vector_db,calculator,0.17685334028063676,210,20
4,greedy-cheapest,5,math-calculation,vector_db,calculator,0.27076904593687273,210,20
4,greedy-cheapest,6,math-calculation,vector_db,calculator,0.27483225082359514,210,20
4,greedy-cheapest,7,factual-lookup,vector_db,calculator,0.09197096733344401,210,20
4,greedy-cheapest,8,text-summarization,vector_db,calculator,0.02775180112130602,210,20
4,greedy-cheapest,9,text-summarization,vector_db,calculator,-0.03662268242220901,210,20
4,greedy-cheapest,10,factual-lookup,vector_db,calculator,0.003300644027403224,210,20
4,greedy-cheapest,11,factual-lookup,vector_db,calculator,0.026944283337883478,210,20
4,greedy-cheapest,12,math-calculation,vector_db,calculator,0.2914206312246517,210,20
4,greedy-cheapest,13,code-snippet,vector_db,calculator,0.05998424821379925,210,20
4,greedy-cheapest,14,text-summarization,vector_db,calculator,-0.041,210,20
4,greedy-cheapest,15,math-calculation,vector_db,calculator,0.23913098263599372,210,20
4,greedy-cheapest,16,factual-lookup,vector_db,calculator,0.052405391134804656,210,20
4,greedy-cheapest,17,math-calculation,vector_db,calculator,0.26793567145591984,210,20
4,greedy-cheapest,18,factual-lookup,vector_db,calculator,-0.002848639689165308,210,20
4,greedy-cheapest,19,code-snippet,vector_db,calculator,0.07481928111999267,210,20
4,greedy-cheapest,20,code-snippet,vector_db,calculator,0.12572725737074064,210,20
4,greedy-cheapest,21,code-snippet,vector_db,calculator,0.0632465394118964,210,20
4,greedy-cheapest,22,factual-lookup,vector_db,calculator,0.005727844021505328,210,20
4,greedy-cheapest,23,math-calculation,vector_db,calculator,0.23944293348737525,210,20
4,greedy-cheapest,24,code-snippet,vector_db,calculator,0.09051743399415155,210,20
4,greedy-cheapest,25,text-summarization,vector_db,calculator,0.012643847512037065,210,20
4,greedy-cheapest,26,math-calculation,vector_db,calculator,0.20164828598947135,210,20
4,greedy-cheapest,27,factual-lookup,vector_db,calculator,0.05618747667193739,210,20
4,greedy-cheapest,28,text-summarization,vector_db,calculator,0.04012788204112879,210,20
4,greedy-cheapest,29,text-summarization,vector_db,calculator,0.001822692212825279,210,20
4,greedy-cheapest,30,code-snippet,vector_db,calculator,0.12034602788376766,210,20
4,greedy-cheapest,31,code-snippet,vector_db,calculator,0.10567988952024257,210,20
4,greedy-cheapest,32,code-snippet,vector_db,calculator,0.09907390097927612,210,20
4,greedy-cheapest,33,factual-lookup,vector_db,calculator,0.0634955183388447,210,20
4,greedy-cheapest,34,factual-lookup,vector_db,calculator,-0.01654252760310843,210,20
4,greedy-cheapest,35,math-calculation,vector_db,calculator,0.351015889743973,210,20
4,greedy-cheapest,36,text-summarization,vector_db,calculator,0.05755215908028798,210,20
4,greedy-cheapest,37,text-summarization,vector_db,calculator,0.03462811099257298,210,20
4,greedy-cheapest,38,factual-lookup,vector_db,calculator,0.01666115619491268,210,20
4,greedy-cheapest,39,factual-lookup,vector_db,calculator,-0.03819727397311708,210,20
4,greedy-cheapest,40,math-calculation,vector_db,calculator,0.20417461989924018,210,20
4,greedy-cheapest,41,code-snippet,vector_db,calculator,0.18067224661587375,210,20
4,greedy-cheapest,42,code-snippet,vector_db,calculator,0.10887220142681434,210,20
4,greedy-cheapest,43,text-summarization,vector_db,calculator,-0.010500252107453194,210,20
4,greedy-cheapest,44,math-calculation,vector_db,calculator,0.163713477842963,210,20
4,greedy-cheapest,45,factual-lookup,vector_db,calculator,-0.014329200758914678,210,20
4,greedy-cheapest,46,text-summarization,vector_db,calculator,-0.029846935841985195,210,20
4,greedy-cheapest,47,factual-lookup,vector_db,calculator,0.04108762852640554,210,20
4,greedy-cheapest,48,text-summarization,vector_db,calculator,0.04003678475569789,210,20
4,greedy-cheapest,49,factual-lookup,vector_db,calculator,0.03023555028202473,210,20
4,greedy-cheapest,50,text-summarization,vector_db,calculator,-0.008234950131841043,210,20
4,greedy-cheapest,51,math-calculation,vector_db,calculator,0.3128360978027624,210,20
4,greedy-cheapest,52,code-snippet,vector_db,calculator,0.11935189769943946,210,20
4,greedy-cheapest,53,math-calculation,vector_db,calculator,0.23177333505723244,210,20
4,greedy-cheapest,54,math-calculation,vector_db,calculator,0.18838331685148305,210,20
4,greedy-cheapest,55,math-calculation,vector_db,calculator,0.26020454524697045,210,20
4,greedy-cheapest,56,math-calculation,vector_db,calculator,0.28220961542350864,210,20
4,greedy-cheapest,57,text-summarization,vector_db,calculator,0.039725819481206355,210,20
4,greedy-cheapest,58,code-snippet,vector_db,calculator,0.06012664543480269,210,20
4,greedy-cheapest,59,text-summarization,vector_db,calculator,-0.041,210,20
4,greedy-cheapest,60,code-snippet,vector_db,calculator,0.09928537617939304,210,20
4,greedy-cheapest,61,math-calculation,vector_db,calculator,0.26129419267232495,210,20
4,greedy-cheapest,62,factual-lookup,vector_db,calculator,0.04443490417073983,210,20
4,greedy-cheapest,63,factual-lookup,vector_db,calculator,0.07198366882335269,210,20
4,greedy-cheapest,64,code-snippet,vector_db,calculator,0.10100843830665235,210,20
4,greedy-cheapest,65,code-snippet,vector_db,calculator,0.1305673250806235,210,20
4,greedy-cheapest,66,text-summarization,vector_db,calculator,0.0259760595668165,210,20
4,greedy-cheapest,67,factual-lookup,vector_db,calculator,-0.009402962717397413,210,20
4,greedy-cheapest,68,text-summarization,vector_db,calculator,-0.041,210,20
4,greedy-cheapest,69,factual-lookup,vector_db,calculator,0.07368805813376969,210,20
4,greedy-cheapest,70,text-summarization,vector_db,calculator,0.03657325903396851,210,20
4,greedy-cheapest,71,code-snippet,vector_db,calculator,0.09707604741951265,210,20
4,greedy-cheapest,72,factual-lookup,vector_db,calculator,0.03185952547036008,210,20
4,greedy-cheapest,73,math-calculation,vector_db,calculator,0.20717956269733054,210,20
4,greedy-cheapest,74,math-calculation,vector_db,calculator,0.25667178467103846,210,20
4,greedy-cheapest,75,text-summarization,vector_db,calculator,-0.030843418641966602,210,20
4,greedy-cheapest,76,text-summarization,vector_db,calculator,-0.032211607234378194,210,20
4,greedy-cheapest,77,text-summarization,vector_db,calculator,0.009778120596212567,210,20
4,greedy-cheapest,78,factual-lookup,vector_db,calculator,0.024450294184589376,210,20
4,greedy-cheapest,79,math-calculation,vector_db,calculator,0.25753826873205576,210,20
4,greedy-cheapest,80,code-snippet,vector_db,calculator,0.0761726759744735,210,20
4,greedy-cheapest,81,factual-lookup,vector_db,calculator,0.03000364675222581,210,20
4,greedy-cheapest,82,code-snippet,vector_db,calculator,0.11602856947742926,210,20
4,greedy-cheapest,83,text-summarization,vector_db,calculator,-0.024150740403172805,210,20
4,greedy-cheapest,84,math-calculation,vector_db,calculator,0.33470827386533597,210,20
4,greedy-cheapest,85,text-summarization,vector_db,calculator,-0.03640053026480066,210,20
4,greedy-cheapest,86,code-snippet,vector_db,calculator,0.13814861773676038,210,20
4,greedy-cheapest,87,code-snippet,vector_db,calculator,0.11035291011093551,210,20
4,greedy-cheapest,88,factual-lookup,vector_db,calculator,0.06790477751891999,210,20
4,greedy-cheapest,89,factual-lookup,vector_db,calculator,0.0473839414428723,210,20
4,greedy-cheapest,90,factual-lookup,vector_db,calculator,0.025940156040073097,210,20
4,greedy-cheapest,91,code-snippet,vector_db,calculator,0.09761061750250696,210,20
4,greedy-cheapest,92,math-calculation,vector_db,calculator,0.11232225730011317,210,20
4,greedy-cheapest,93,math-calculation,vector_db,calculator,0.3016914085397313,210,20
4,greedy-cheapest,94,text-summarization,vector_db,calculator,0.0038573166608512274,210,20
4,greedy-cheapest,95,math-calculation,vector_db,calculator,0.193676923586267,210,20
4,greedy-cheapest,96,code-snippet,vector_db,calculator,0.0754302476317221,210,20
4,greedy-cheapest,97,text-summarization,vector_db,calculator,-0.029690499740426576,210,20
4,greedy-cheapest,98,math-calculation,vector_db,calculator,0.3143148217479031,210,20
4,greedy-cheapest,99,code-snippet,vector_db,calculator,0.09249119674394662,210,20
4,greedy-advertised,0,factual-lookup,web_search,small_llm,0.24243189199954046,1500,150
4,greedy-advertised,1,text-summarization,knowledge_base,small_llm,0.3512471831500569,1120,110
4,greedy-advertised,2,code-snippet,web_search,small_llm,0.14010586861433166,1500,150
4,greedy-advertised,3,code-snippet,web_search,small_llm,0.1877300707917653,1500,150
4,greedy-advertised,4,math-calculation,vector_db,small_llm,-0.09657062235935585,1150,105
4,greedy-advertised,5,math-calculation,vector_db,small_llm,-0.023965453506085588,1150,105
4,greedy-advertised,6,math-calculation,vector_db,small_llm,-0.03822990698130074,1150,105
4,greedy-advertised,7,factual-lookup,web_search,small_llm,0.3238021642683884,1500,150
4,greedy-advertised,8,text-summarization,knowledge_base,small_llm,0.18221772210208495,1120,110
4,greedy-advertised,9,text-summarization,knowledge_base,small_llm,0.21603971572756517,1120,110
4,greedy-advertised,10,factual-lookup,web_search,small_llm,0.2194933352459441,1500,150
4,greedy-advertised,11,factual-lookup,web_search,small_llm,0.2760732769531326,1500,150
4,greedy-advertised,12,math-calculation,vector_db,small_llm,-0.048454648780576176,1150,105
4,greedy-advertised,13,code-snippet,web_search,small_llm,0.18311425633296302,1500,150
4,greedy-advertised,14,text-summarization,knowledge_base,small_llm,0.23279405380473808,1120,110
4,greedy-advertised,15,math-calculation,vector_db,small_llm,-0.06147958883686741,1150,105
4,greedy-advertised,16,factual-lookup,web_search,small_llm,0.26861387132062314,1500,150
4,greedy-advertised,17,math-calculation,vector_db,small_llm,-0.03453268207332749,1150,105
4,greedy-advertised,18,factual-lookup,web_search,small_llm,0.24988279969801402,1500,150
4,greedy-advertised,19,code-snippet,web_search,small_llm,0.1703992502030124,1500,150
4,greedy-advertised,20,code-snippet,web_search,small_llm,0.26890853023710354,1500,150
4,greedy-advertised,21,code-snippet,web_search,small_llm,0.16269977407700248,1500,150
4,greedy-advertised,22,factual-lookup,web_search,small_llm,0.21947929327787524,1500,150
4,greedy-advertised,23,math-calculation,vector_db,small_llm,-0.06344171389498313,1150,105
4,greedy-advertised,24,code-snippet,web_search,small_llm,0.2796721633697932,1500,150
4,greedy-advertised,25,text-summarization,knowledge_base,small_llm,0.25041902938204674,1120,110
4,greedy-advertised,26,math-calculation,vector_db,small_llm,-0.0858606216007752,1150,105
4,greedy-advertised,27,factual-lookup,web_search,small_llm,0.3071972630386785,1500,150
4,greedy-advertised,28,text-summarization,knowledge_base,small_llm,0.21219925706266216,1120,110
4,greedy-advertised,29,text-summarization,knowledge_base,small_llm,0.24034440548345778,1120,110
4,greedy-advertised,30,code-snippet,web_search,small_llm,0.26722441545732173,1500,150
4,greedy-advertised,31,code-snippet,web_search,small_llm,0.2606719312798665,1500,150
4,greedy-advertised,32,code-snippet,web_search,small_llm,0.21864527064640565,1500,150
4,greedy-advertised,33,factual-lookup,web_search,small_llm,0.29477997569648257,1500,150
4,greedy-advertised,34,factual-lookup,web_search,small_llm,0.18931976768233344,1500,150
4,greedy-advertised,35,math-calculation,vector_db,small_llm,-0.0011968990462053741,1150,105
4,greedy-advertised,36,text-summarization,knowledge_base,small_llm,0.21904375638350257,1120,110
4,greedy-advertised,37,text-summarization,knowledge_base,small_llm,0.261514368778745,1120,110
4,greedy-advertised,38,factual-lookup,web_search,small_llm,0.23381418784554292,1500,150
4,greedy-advertised,39,factual-lookup,web_search,small_llm,0.13672775020453298,1500,150
4,greedy-advertised,40,math-calculation,vector_db,small_llm,-0.08283203645741102,1150,105
4,greedy-advertised,41,code-snippet,web_search,small_llm,0.32154123094386805,1500,150
4,greedy-advertised,42,code-snippet,web_search,small_llm,0.1938140533368174,1500,150
4,greedy-advertised,43,text-summarization,knowledge_base,small_llm,0.22071102108696697,1120,110
4,greedy-advertised,44,math-calculation,vector_db,small_llm,-0.11244090236364633,1150,105
4,greedy-advertised,45,factual-lookup,web_search,small_llm,0.19229540139231488,1500,150
4,greedy-advertised,46,text-summarization,knowledge_base,small_llm,0.23527454737505413,1120,110
4,greedy-advertised,47,factual-lookup,web_search,small_llm,0.3076509855640747,1500,150
4,greedy-advertised,48,text-summarization,knowledge_base,small_llm,0.2862619094628609,1120,110
4,greedy-advertised,49,factual-lookup,web_search,small_llm,0.2837216947318662,1500,150
4,greedy-advertised,50,text-summarization,knowledge_base,small_llm,0.24569435655814667,1120,110
4,greedy-advertised,51,math-calculation,vector_db,small_llm,-0.01153594826578605,1150,105
4,greedy-advertised,52,code-snippet,web_search,small_llm,0.2502471580136844,1500,150
4,greedy-advertised,53,math-calculation,vector_db,small_llm,-0.06300499598254714,1150,105
4,greedy-advertised,54,math-calculation,vector_db,small_llm,-0.07838710633304491,1150,105
4,greedy-advertised,55,math-calculation,vector_db,small_llm,-0.04973149231862495,1150,105
4,greedy-advertised,56,math-calculation,vector_db,small_llm,-0.03867713726109376,1150,105
4,greedy-advertised,57,text-summarization,knowledge_base,small_llm,0.26529460575420183,1120,110
4,greedy-advertised,58,code-snippet,web_search,small_llm,0.187178221415276,1500,150
4,greedy-advertised,59,text-summarization,knowledge_base,small_llm,0.22937728521272235,1120,110
4,greedy-advertised,60,code-snippet,web_search,small_llm,0.2745183331700532,1500,150
4,greedy-advertised,61,math-calculation,vector_db,small_llm,-0.01961264912977803,1150,105
4,greedy-advertised,62,factual-lookup,web_search,small_llm,0.30579033399836747,1500,150
4,greedy-advertised,63,factual-lookup,web_search,small_llm,0.3422325759041423,1500,150
4,greedy-advertised,64,code-snippet,web_search,small_llm,0.2770018532655513,1500,150
4,greedy-advertised,65,code-snippet,web_search,small_llm,0.2529016964775011,1500,150
4,greedy-advertised,66,text-summarization,knowledge_base,small_llm,0.28517457496667986,1120,110
4,greedy-advertised,67,factual-lookup,web_search,small_llm,0.2326571260777625,1500,150
4,greedy-advertised,68,text-summarization,knowledge_base,small_llm,0.15183871648292532,1120,110
4,greedy-advertised,69,factual-lookup,web_search,small_llm,0.32492050838248515,1500,150
4,greedy-advertised,70,text-summarization,knowledge_base,small_llm,0.22253966281604629,1120,110
4,greedy-advertised,71,code-snippet,web_search,small_llm,0.25069840350775624,1500,150
4,greedy-advertised,72,factual-lookup,web_search,small_llm,0.27370464863699046,1500,150
4,greedy-advertised,73,math-calculation,vector_db,small_llm,-0.08230706865642021,1150,105
4,greedy-advertised,74,math-calculation,vector_db,small_llm,-0.04717268541160699,1150,105
4,greedy-advertised,75,text-summarization,knowledge_base,small_llm,0.2705723850544193,1120,110
4,greedy-advertised,76,text-summarization,knowledge_base,small_llm,0.2711688658706123,1120,110
4,greedy-advertised,77,text-summarization,knowledge_base,small_llm,0.25405805966634487,1120,110
4,greedy-advertised,78,factual-lookup,web_search,small_llm,0.2632969488780655,1500,150
4,greedy-advertised,79,math-calculation,vector_db,small_llm,-0.05625471831244627,1150,105
4,greedy-advertised,80,code-snippet,web_search,small_llm,0.17647131155888418,1500,150
4,greedy-advertised,81,factual-lookup,web_search,small_llm,0.2937645760576339,1500,150
4,greedy-advertised,82,code-snippet,web_search,small_llm,0.298389879616693,1500,150
4,greedy-advertised,83,text-summarization,knowledge_base,small_llm,0.10399574298997163,1120,110
4,greedy-advertised,84,math-calculation,vector_db,small_llm,-0.009089959443214363,1150,105
4,greedy-advertised,85,text-summarization,knowledge_base,small_llm,0.21131770103606698,1120,110
4,greedy-advertised,86,code-snippet,web_search,small_llm,0.2996649858370795,1500,150
4,greedy-advertised,87,code-snippet,web_search,small_llm,0.2521237878607135,1500,150
4,greedy-advertised,88,factual-lookup,web_search,small_llm,0.3410600851198952,1500,150
4,greedy-advertised,89,factual-lookup,web_search,small_llm,0.26724447561120995,1500,150
4,greedy-advertised,90,factual-lookup,web_search,small_llm,0.26980181699665345,1500,150
4,greedy-advertised,91,code-snippet,web_search,small_llm,0.2433497654079368,1500,150
4,greedy-advertised,92,math-calculation,vector_db,small_llm,-0.12373364538249045,1150,105
4,greedy-advertised,93,math-calculation,vector_db,small_llm,-0.02861957149049016,1150,105
4,greedy-advertised,94,text-summarization,knowledge_base,small_llm,0.24076636301819274,1120,110
4,greedy-advertised,95,math-calculation,vector_db,small_llm,-0.08670860913842096,1150,105
4,greedy-advertised,96,code-snippet,web_search,small_llm,0.18983122026232124,1500,150
4,greedy-advertised,97,text-summarization,knowledge_base,small_llm,0.19375211775455667,1120,110
4,greedy-advertised,98,math-calculation,vector_db,small_llm,-0.0008592100231973321,1150,105
4,greedy-advertised,99,code-snippet,web_search,small_llm,0.2299472755941711,1500,150
4,oracle,0,factual-lookup,web_search,small_llm,0.24243189199954046,1500,150
4,oracle,1,text-summarization,vector_db,small_llm,0.59898653002296,1150,105
4,oracle,2,code-snippet,vector_db,regex_processor,0.34940334016328667,230,25
4,oracle,3,code-snippet,vector_db,regex_processor,0.3897776276573084,230,25
4,oracle,4,math-calculation,knowledge_base,calculator,0.2244577699728289,180,25
4,oracle,5,math-calculation,knowledge_base,calculator,0.3187690459368727,180,25
4,oracle,6,math-calculation,knowledge_base,calculator,0.3228322508235951,180,25
4,oracle,7,factual-lookup,web_search,small_llm,0.3238021642683884,1500,150
4,oracle,8,text-summarization,vector_db,small_llm,0.434217722102085,1150,105
4,oracle,9,text-summarization,vector_db,small_llm,0.44453163425346776,1150,105
4,oracle,10,factual-lookup,web_search,small_llm,0.2194933352459441,1500,150
4,oracle,11,factual-lookup,web_search,small_llm,0.2760732769531326,1500,150
4,oracle,12,math-calculation,knowledge_base,calculator,0.33384662116603836,180,25
4,oracle,13,code-snippet,vector_db,regex_processor,0.377907224097153,230,25
4,oracle,14,text-summarization,vector_db,small_llm,0.4458183032774248,1150,105
4,oracle,15,math-calculation,knowledge_base,calculator,0.28665641495433397,180,25
4,oracle,16,factual-lookup,web_search,small_llm,0.26861387132062314,1500,150
4,oracle,17,math-calculation,knowledge_base,calculator,0.31593567145591983,180,25
4,oracle,18,factual-lookup,web_search,small_llm,0.24988279969801402,1500,150
4,oracle,19,code-snippet,vector_db,regex_processor,0.3728743871727542,230,25
4,oracle,20,code-snippet,vector_db,regex_processor,0.46242625051981906,230,25
4,oracle,21,code-snippet,vector_db,regex_processor,0.36350441764417935,230,25
4,oracle,22,factual-lookup,web_search,small_llm,0.21947929327787524,1500,150
4,oracle,23,math-calculation,knowledge_base,calculator,0.2861133958681496,180,25
4,oracle,24,code-snippet,vector_db,regex_processor,0.45997029570659437,230,25
4,oracle,25,text-summarization,vector_db,small_llm,0.49565125099572205,1150,105
4,oracle,26,math-calculation,knowledge_base,calculator,0.24772671811666536,180,25
4,oracle,27,factual-lookup,web_search,small_llm,0.3071972630386785,1500,150
4,oracle,28,text-summarization,vector_db,small_llm,0.4641992570626622,1150,105
4,oracle,29,text-summarization,vector_db,small_llm,0.48196211074725315,1150,105
4,oracle,30,code-snippet,vector_db,regex_processor,0.4595232354821304,230,25
4,oracle,31,code-snippet,vector_db,regex_processor,0.45016068667463,230,25
4,oracle,32,code-snippet,vector_db,regex_processor,0.41658356714491346,230,25
4,oracle,33,factual-lookup,web_search,small_llm,0.29477997569648257,1500,150
4,oracle,34,factual-lookup,web_search,small_llm,0.18931976768233344,1500,150
4,oracle,35,math-calculation,knowledge_base,calculator,0.3976747773951908,180,25
4,oracle,36,text-summarization,vector_db,small_llm,0.4710437563835026,1150,105
4,oracle,37,text-summarization,vector_db,small_llm,0.513514368778745,1150,105
4,oracle,38,factual-lookup,web_search,small_llm,0.23381418784554292,1500,150
4,oracle,39,factual-lookup,web_search,small_llm,0.13672775020453298,1500,150
4,oracle,40,math-calculation,knowledge_base,calculator,0.2509795223529125,180,25
4,oracle,41,code-snippet,vector_db,regex_processor,0.5186218893705248,230,25
4,oracle,42,code-snippet,vector_db,regex_processor,0.40107562654944906,230,25
4,oracle,43,text-summarization,vector_db,small_llm,0.45830440476068135,1150,105
4,oracle,44,math-calculation,knowledge_base,calculator,0.20701601350078697,180,25
4,oracle,45,factual-lookup,web_search,small_llm,0.19229540139231488,1500,150
4,oracle,46,text-summarization,vector_db,small_llm,0.4659931165775727,1150,105
4,oracle,47,factual-lookup,web_search,small_llm,0.3076509855640747,1500,150
4,oracle,48,text-summarization,vector_db,small_llm,0.5382619094628609,1150,105
4,oracle,49,factual-lookup,web_search,small_llm,0.2837216947318662,1500,150
4,oracle,50,text-summarization,vector_db,small_llm,0.48368249859312573,1150,105
4,oracle,51,math-calculation,knowledge_base,calculator,0.3608360978027624,180,25
4,oracle,52,code-snippet,vector_db,regex_processor,0.44649984664709386,230,25
4,oracle,53,math-calculation,knowledge_base,calculator,0.27977333505723245,180,25
4,oracle,54,math-calculation,knowledge_base,calculator,0.23638331685148306,180,25
4,oracle,55,math-calculation,knowledge_base,calculator,0.30766302774889903,180,25
4,oracle,56,math-calculation,knowledge_base,calculator,0.3291853414876061,180,25
4,oracle,57,text-summarization,vector_db,small_llm,0.5172946057542019,1150,105
4,oracle,58,code-snippet,vector_db,regex_processor,0.3810204122025501,230,25
4,oracle,59,text-summarization,vector_db,small_llm,0.4475632796853787,1150,105
4,oracle,60,code-snippet,vector_db,regex_processor,0.45867393711028454,230,25
4,oracle,61,math-calculation,knowledge_base,calculator,0.30929419267232494,180,25
4,oracle,62,factual-lookup,web_search,small_llm,0.30579033399836747,1500,150
4,oracle,63,factual-lookup,web_search,small_llm,0.3422325759041423,1500,150
4,oracle,64,code-snippet,vector_db,regex_processor,0.4610589634684407,230,25
4,oracle,65,code-snippet,vector_db,regex_processor,0.45194883042876316,230,25
4,oracle,66,text-summarization,vector_db,small_llm,0.5341058231827825,1150,105
4,oracle,67,factual-lookup,web_search,small_llm,0.2326571260777625,1500,150
4,oracle,68,text-summarization,vector_db,small_llm,0.35832198093088763,1150,105
4,oracle,69,factual-lookup,web_search,small_llm,0.32492050838248515,1500,150
4,oracle,70,text-summarization,vector_db,small_llm,0.4745396628160463,1150,105
4,oracle,71,code-snippet,vector_db,regex_processor,0.4400647017438544,230,25
4,oracle,72,factual-lookup,web_search,small_llm,0.27370464863699046,1500,150
4,oracle,73,math-calculation,knowledge_base,calculator,0.2534737366857519,180,25
4,oracle,74,math-calculation,knowledge_base,calculator,0.30467178467103845,180,25
4,oracle,75,text-summarization,vector_db,small_llm,0.5007881594108295,1150,105
4,oracle,76,text-summarization,vector_db,small_llm,0.5009454841143763,1150,105
4,oracle,77,text-summarization,vector_db,small_llm,0.4981768766122273,1150,105
4,oracle,78,factual-lookup,web_search,small_llm,0.2632969488780655,1500,150
4,oracle,79,math-calculation,knowledge_base,calculator,0.30315627111091914,180,25
4,oracle,80,code-snippet,vector_db,regex_processor,0.3778560223705754,230,25
4,oracle,81,factual-lookup,web_search,small_llm,0.2937645760576339,1500,150
4,oracle,82,code-snippet,vector_db,regex_processor,0.4816416027994603,230,25
4,oracle,83,text-summarization,vector_db,small_llm,0.3380013217805027,1150,105
4,oracle,84,math-calculation,knowledge_base,calculator,0.38172413845279707,180,25
4,oracle,85,text-summarization,vector_db,small_llm,0.43989695429859,1150,105
4,oracle,86,code-snippet,vector_db,regex_processor,0.48924356344274805,230,25
4,oracle,87,code-snippet,vector_db,regex_processor,0.4451537813421897,230,25
4,oracle,88,factual-lookup,web_search,small_llm,0.3410600851198952,1500,150
4,oracle,89,factual-lookup,web_search,small_llm,0.26724447561120995,1500,150
4,oracle,90,factual-lookup,web_search,small_llm,0.26980181699665345,1500,150
4,oracle,91,code-snippet,vector_db,regex_processor,0.43469532070889483,230,25
4,oracle,92,math-calculation,knowledge_base,calculator,0.16032225730011318,180,25
4,oracle,93,math-calculation,knowledge_base,calculator,0.3483849354875617,180,25
4,oracle,94,text-summarization,vector_db,small_llm,0.4830994683544634,1150,105
4,oracle,95,math-calculation,knowledge_base,calculator,0.24144293774536724,180,25
4,oracle,96,code-snippet,vector_db,regex_processor,0.38767532111225583,230,25
4,oracle,97,text-summarization,vector_db,small_llm,0.4247691652463761,1150,105
4,oracle,98,math-calculation,knowledge_base,calculator,0.362314821747903,180,25
4,oracle,99,code-snippet,vector_db,regex_processor,0.42306214851622276,230,25
