seed,method,query_index,query_type,retrieve_tool,process_tool,reward,cost_tokens,latency_ms
0,pheromone_router,0,factual-lookup,knowledge_base,calculator,0.0552448496072266,180,25
0,pheromone_router,1,text-summarization,vector_db,small_llm,0.4605495941551373,1150,105
0,pheromone_router,2,code-snippet,knowledge_base,small_llm,0.05970798618295711,1120,110
0,pheromone_router,3,code-snippet,vector_db,small_llm,0.3383484010319495,1150,105
0,pheromone_router,4,math-calculation,vector_db,small_llm,-0.07255258977770734,1150,105
0,pheromone_router,5,math-calculation,vector_db,small_llm,-0.05418955769484987,1150,105
0,pheromone_router,6,math-calculation,web_search,small_llm,-0.1190494296317299,1500,150
0,pheromone_router,7,factual-lookup,knowledge_base,small_llm,0.34564000493959035,1120,110
0,pheromone_router,8,text-summarization,web_search,small_llm,0.28483029604599314,1500,150
0,pheromone_router,9,text-summarization,web_search,small_llm,0.20753537594651367,1500,150
0,pheromone_router,10,factual-lookup,vector_db,small_llm,0.17009114939354955,1150,105
0,pheromone_router,11,factual-lookup,web_search,small_llm,0.18982450596766748,1500,150
0,pheromone_router,12,math-calculation,web_search,small_llm,-0.1262792327276413,1500,150
0,pheromone_router,13,code-snippet,web_search,small_llm,0.23864523957032008,1500,150
0,pheromone_router,14,text-summarization,web_search,small_llm,0.2213069985670843,1500,150
0,pheromone_router,15,math-calculation,web_search,calculator,0.09126971043700344,560,65
0,pheromone_router,16,factual-lookup,web_search,small_llm,0.24931530066367164,1500,150
0,pheromone_router,17,math-calculation,knowledge_base,small_llm,-0.03582776861928799,1120,110
0,pheromone_router,18,factual-lookup,web_search,small_llm,0.26627174345030774,1500,150
0,pheromone_router,19,code-snippet,knowledge_base,small_llm,0.09975881448660365,1120,110
0,pheromone_router,20,code-snippet,knowledge_base,small_llm,0.17252065364035576,1120,110
0,pheromone_router,21,code-snippet,vector_db,regex_processor,0.40597304409186036,230,25
0,pheromone_router,22,factual-lookup,web_search,small_llm,0.2552193795326328,1500,150
0,pheromone_router,23,math-calculation,vector_db,small_llm,-0.06798963434625385,1150,105
0,pheromone_router,24,code-snippet,vector_db,regex_processor,0.43255135599866196,230,25
0,pheromone_router,25,text-summarization,web_search,small_llm,0.20946409882309774,1500,150
0,pheromone_router,26,math-calculation,web_search,small_llm,-0.17316739537631926,1500,150
0,pheromone_router,27,factual-lookup,vector_db,small_llm,0.11268042856422403,1150,105
0,pheromone_router,28,text-summarization,web_search,small_llm,0.24750995154701788,1500,150
0,pheromone_router,29,text-summarization,knowledge_base,small_llm,0.27066726267425667,1120,110
0,pheromone_router,30,code-snippet,web_search,regex_processor,0.32134816789258774,580,70
0,pheromone_router,31,code-snippet,vector_db,small_llm,0.3087358512141778,1150,105
0,pheromone_router,32,code-snippet,web_search,regex_processor,0.3067144697730385,580,70
0,pheromone_router,33,factual-lookup,web_search,small_llm,0.2341020385447639,1500,150
0,pheromone_router,34,factual-lookup,web_search,small_llm,0.2835281682381569,1500,150
0,pheromone_router,35,math-calculation,vector_db,small_llm,-0.0065400065619083125,1150,105
0,pheromone_router,36,text-summarization,knowledge_base,small_llm,0.2741512263609208,1120,110
0,pheromone_router,37,text-summarization,web_search,regex_processor,0.013048010327605553,580,70
0,pheromone_router,38,factual-lookup,web_search,small_llm,0.18827064709669905,1500,150
0,pheromone_router,39,factual-lookup,web_search,small_llm,0.23244801003583654,1500,150
0,pheromone_router,40,math-calculation,web_search,small_llm,-0.14789505957539456,1500,150
0,pheromone_router,41,code-snippet,web_search,small_llm,0.1846502374183896,1500,150
0,pheromone_router,42,code-snippet,vector_db,small_llm,0.3302598273769273,1150,105
0,pheromone_router,43,text-summarization,vector_db,small_llm,0.456183542722309,1150,105
0,pheromone_router,44,math-calculation,web_search,small_llm,-0.15545446520576134,1500,150
0,pheromone_router,45,factual-lookup,web_search,calculator,0.0030949466858038593,560,65
0,pheromone_router,46,text-summarization,knowledge_base,small_llm,0.2071755316792979,1120,110
0,pheromone_router,47,factual-lookup,web_search,small_llm,0.2071908500929021,1500,150
0,pheromone_router,48,text-summarization,web_search,small_llm,0.22879501829954957,1500,150
0,pheromone_router,49,factual-lookup,knowledge_base,small_llm,0.25321583253034186,1120,110
0,pheromone_router,50,text-summarization,knowledge_base,small_llm,0.298352543805232,1120,110
0,pheromone_router,51,math-calculation,knowledge_base,small_llm,-0.055035936192387586,1120,110
0,pheromone_router,52,code-snippet,web_search,small_llm,-0.42000000000000004,1500,270
0,pheromone_router,53,math-calculation,vector_db,small_llm,-0.06049145510895501,1150,105
0,pheromone_router,54,math-calculation,vector_db,regex_processor,0.08750655962166128,230,25
0,pheromone_router,55,math-calculation,knowledge_base,small_llm,-0.014390251008183641,1120,110
0,pheromone_router,56,math-calculation,vector_db,small_llm,-0.04816919723257129,1150,105
0,pheromone_router,57,text-summarization,knowledge_base,regex_processor,0.11920558933587773,200,30
0,pheromone_router,58,code-snippet,web_search,regex_processor,-0.248,580,190
0,pheromone_router,59,text-summarization,web_search,small_llm,-0.35990019000344425,1500,270
0,pheromone_router,60,code-snippet,vector_db,small_llm,0.4787855109959468,1150,105
0,pheromone_router,61,math-calculation,vector_db,regex_processor,0.10558491920686898,230,25
0,pheromone_router,62,factual-lookup,knowledge_base,small_llm,0.20287958104434936,1120,110
0,pheromone_router,63,factual-lookup,web_search,small_llm,-0.3840202826079642,1500,270
0,pheromone_router,64,code-snippet,vector_db,small_llm,0.3429911225639314,1150,105
0,pheromone_router,65,code-snippet,web_search,small_llm,-0.3724014403243883,1500,270
0,pheromone_router,66,text-summarization,web_search,small_llm,-0.41063040608626583,1500,270
0,pheromone_router,67,factual-lookup,knowledge_base,small_llm,0.2574507851337774,1120,110
0,pheromone_router,68,text-summarization,knowledge_base,small_llm,0.2663734319114166,1120,110
0,pheromone_router,69,factual-lookup,knowledge_base,small_llm,0.21986642384263125,1120,110
0,pheromone_router,70,text-summarization,web_search,small_llm,-0.3175462155690623,1500,270
0,pheromone_router,71,code-snippet,vector_db,small_llm,0.19534685087304124,1150,105
0,pheromone_router,72,factual-lookup,web_search,small_llm,-0.3953234402808336,1500,270
0,pheromone_router,73,math-calculation,web_search,small_llm,-0.4027200151460157,1500,270
0,pheromone_router,74,math-calculation,knowledge_base,small_llm,-0.040814395954829635,1120,110
0,pheromone_router,75,text-summarization,vector_db,small_llm,0.5412651336689095,1150,105
0,pheromone_router,76,text-summarization,vector_db,small_llm,0.5829949506799622,1150,105
0,pheromone_router,77,text-summarization,web_search,small_llm,-0.36660570419578903,1500,270
0,pheromone_router,78,factual-lookup,web_search,small_llm,-0.3950510777071487,1500,270
0,pheromone_router,79,math-calculation,vector_db,regex_processor,0.06993857803309446,230,25
0,pheromone_router,80,code-snippet,knowledge_base,small_llm,0.12590926129977045,1120,110
0,pheromone_router,81,factual-lookup,vector_db,small_llm,0.1795434512112716,1150,105
0,pheromone_router,82,code-snippet,vector_db,small_llm,0.2873381175267148,1150,105
0,pheromone_router,83,text-summarization,vector_db,small_llm,0.5467103041796122,1150,105
0,pheromone_router,84,math-calculation,vector_db,calculator,0.23612633885933784,210,20
0,pheromone_router,85,text-summarization,knowledge_base,small_llm,0.2150987905447351,1120,110
0,pheromone_router,86,code-snippet,web_search,small_llm,-0.42000000000000004,1500,270
0,pheromone_router,87,code-snippet,web_search,small_llm,-0.32266487142164313,1500,270
0,pheromone_router,88,factual-lookup,vector_db,regex_processor,0.08452208050867922,230,25
0,pheromone_router,89,factual-lookup,vector_db,small_llm,0.27407276968773175,1150,105
0,pheromone_router,90,factual-lookup,knowledge_base,small_llm,0.2585807183255573,1120,110
0,pheromone_router,91,code-snippet,web_search,small_llm,-0.28962397954766606,1500,270
0,pheromone_router,92,math-calculation,knowledge_base,small_llm,-0.0419976646360834,1120,110
0,pheromone_router,93,math-calculation,vector_db,small_llm,-0.08303561045593671,1150,105
0,pheromone_router,94,text-summarization,knowledge_base,small_llm,0.294641502395361,1120,110
0,pheromone_router,95,math-calculation,knowledge_base,regex_processor,0.11306535004123212,200,30
0,pheromone_router,96,code-snippet,web_search,small_llm,-0.37098110459981753,1500,270
0,pheromone_router,97,text-summarization,knowledge_base,small_llm,0.23914169781596642,1120,110
0,pheromone_router,98,math-calculation,vector_db,regex_processor,0.09873860659781657,230,25
0,pheromone_router,99,code-snippet,vector_db,regex_processor,0.37250060983235556,230,25
0,greedy-advertised,0,factual-lookup,web_search,small_llm,0.26745540169229215,1500,150
0,greedy-advertised,1,text-summarization,knowledge_base,small_llm,0.28621052985252926,1120,110
0,greedy-advertised,2,code-snippet,web_search,small_llm,0.19759766479693347,1500,150
0,greedy-advertised,3,code-snippet,web_search,small_llm,0.2969199148585642,1500,150
0,greedy-advertised,4,math-calculation,vector_db,small_llm,-0.09110773685707851,1150,105
0,greedy-advertised,5,math-calculation,vector_db,small_llm,-0.07158455159848473,1150,105
0,greedy-advertised,6,math-calculation,vector_db,small_llm,-0.12094847788186211,1150,105
0,greedy-advertised,7,factual-lookup,web_search,small_llm,0.2001208220178467,1500,150
0,greedy-advertised,8,text-summarization,knowledge_base,small_llm,0.21967056740850663,1120,110
0,greedy-advertised,9,text-summarization,knowledge_base,small_llm,0.29858152681870664,1120,110
0,greedy-advertised,10,factual-lookup,web_search,small_llm,0.3306118801587579,1500,150
0,greedy-advertised,11,factual-lookup,web_search,small_llm,0.266156331559063,1500,150
0,greedy-advertised,12,math-calculation,vector_db,small_llm,-0.028532042268823332,1150,105
0,greedy-advertised,13,code-snippet,web_search,small_llm,0.1524627759281068,1500,150
0,greedy-advertised,14,text-summarization,knowledge_base,small_llm,0.23651092888080702,1120,110
0,greedy-advertised,15,math-calculation,vector_db,small_llm,-0.08537416501053433,1150,105
0,greedy-advertised,16,factual-lookup,web_search,small_llm,0.290698124616182,1500,150
0,greedy-advertised,17,math-calculation,vector_db,small_llm,-0.04357557351076377,1150,105
0,greedy-advertised,18,factual-lookup,web_search,small_llm,0.24444035687174076,1500,150
0,greedy-advertised,19,code-snippet,web_search,small_llm,0.291048925294426,1500,150
0,greedy-advertised,20,code-snippet,web_search,small_llm,0.1971421050202295,1500,150
0,greedy-advertised,21,code-snippet,web_search,small_llm,0.2932679170630698,1500,150
0,greedy-advertised,22,factual-lookup,web_search,small_llm,0.2628147885799163,1500,150
0,greedy-advertised,23,math-calculation,vector_db,small_llm,0.02164468647016432,1150,105
0,greedy-advertised,24,code-snippet,web_search,small_llm,0.33194593691143554,1500,150
0,greedy-advertised,25,text-summarization,knowledge_base,small_llm,0.2386880301767164,1120,110
0,greedy-advertised,26,math-calculation,vector_db,small_llm,-0.0452826747015343,1150,105
0,greedy-advertised,27,factual-lookup,web_search,small_llm,0.24884480385661906,1500,150
0,greedy-advertised,28,text-summarization,knowledge_base,small_llm,0.2915676023458197,1120,110
0,greedy-advertised,29,text-summarization,knowledge_base,small_llm,0.1821706670385598,1120,110
0,greedy-advertised,30,code-snippet,web_search,small_llm,0.15763380172504582,1500,150
0,greedy-advertised,31,code-snippet,web_search,small_llm,0.2668893849473249,1500,150
0,greedy-advertised,32,code-snippet,web_search,small_llm,0.2160113766016581,1500,150
0,greedy-advertised,33,factual-lookup,web_search,small_llm,0.36601804935409193,1500,150
0,greedy-advertised,34,factual-lookup,web_search,small_llm,0.18084486244821107,1500,150
0,greedy-advertised,35,math-calculation,vector_db,small_llm,-0.04322498161815072,1150,105
0,greedy-advertised,36,text-summarization,knowledge_base,small_llm,0.2836896114089914,1120,110
0,greedy-advertised,37,text-summarization,knowledge_base,small_llm,0.30052016492812594,1120,110
0,greedy-advertised,38,factual-lookup,web_search,small_llm,0.29302262935862095,1500,150
0,greedy-advertised,39,factual-lookup,web_search,small_llm,0.3668308526252025,1500,150
0,greedy-advertised,40,math-calculation,vector_db,small_llm,-0.059612056655257345,1150,105
0,greedy-advertised,41,code-snippet,web_search,small_llm,0.16224910988125352,1500,150
0,greedy-advertised,42,code-snippet,web_search,small_llm,0.17259727700557415,1500,150
0,greedy-advertised,43,text-summarization,knowledge_base,small_llm,0.3070582906206403,1120,110
0,greedy-advertised,44,math-calculation,vector_db,small_llm,-0.053601573137178754,1150,105
0,greedy-advertised,45,factual-lookup,web_search,small_llm,0.33503159804482757,1500,150
0,greedy-advertised,46,text-summarization,knowledge_base,small_llm,0.21485135684968218,1120,110
0,greedy-advertised,47,factual-lookup,web_search,small_llm,0.3271316874081835,1500,150
0,greedy-advertised,48,text-summarization,knowledge_base,small_llm,0.24577404492057867,1120,110
0,greedy-advertised,49,factual-lookup,web_search,small_llm,-0.42000000000000004,1500,270
0,greedy-advertised,50,text-summarization,knowledge_base,small_llm,0.3028640406215273,1120,110
0,greedy-advertised,51,math-calculation,vector_db,small_llm,-0.07519229332883809,1150,105
0,greedy-advertised,52,code-snippet,web_search,small_llm,-0.34639128808960745,1500,270
0,greedy-advertised,53,math-calculation,vector_db,small_llm,-0.06640117485558258,1150,105
0,greedy-advertised,54,math-calculation,vector_db,small_llm,-0.11325680365906017,1150,105
0,greedy-advertised,55,math-calculation,vector_db,small_llm,-0.06951483137570305,1150,105
0,greedy-advertised,56,math-calculation,vector_db,small_llm,-0.05408832696585328,1150,105
0,greedy-advertised,57,text-summarization,knowledge_base,small_llm,0.26569782572431977,1120,110
0,greedy-advertised,58,code-snippet,web_search,small_llm,-0.31271361402785636,1500,270
0,greedy-advertised,59,text-summarization,knowledge_base,small_llm,0.3201866331151635,1120,110
0,greedy-advertised,60,code-snippet,web_search,small_llm,-0.34025533780851225,1500,270
0,greedy-advertised,61,math-calculation,vector_db,small_llm,-0.07459242093719123,1150,105
0,greedy-advertised,62,factual-lookup,web_search,small_llm,-0.3957153416476457,1500,270
0,greedy-advertised,63,factual-lookup,web_search,small_llm,-0.42000000000000004,1500,270
0,greedy-advertised,64,code-snippet,web_search,small_llm,-0.4027741260185279,1500,270
0,greedy-advertised,65,code-snippet,web_search,small_llm,-0.42000000000000004,1500,270
0,greedy-advertised,66,text-summarization,knowledge_base,small_llm,0.2959335974585172,1120,110
0,greedy-advertised,67,factual-lookup,web_search,small_llm,-0.38784908279495245,1500,270
0,greedy-advertised,68,text-summarization,knowledge_base,small_llm,0.3481132413386261,1120,110
0,greedy-advertised,69,factual-lookup,web_search,small_llm,-0.42000000000000004,1500,270
0,greedy-advertised,70,text-summarization,knowledge_base,small_llm,0.28008603728902315,1120,110
0,greedy-advertised,71,code-snippet,web_search,small_llm,-0.3604107169649637,1500,270
0,greedy-advertised,72,factual-lookup,web_search,small_llm,-0.38160146170023784,1500,270
0,greedy-advertised,73,math-calculation,vector_db,small_llm,-0.10841090139619676,1150,105
0,greedy-advertised,74,math-calculation,vector_db,small_llm,-0.06307057898690904,1150,105
0,greedy-advertised,75,text-summarization,knowledge_base,small_llm,0.24131021265059546,1120,110
0,greedy-advertised,76,text-summarization,knowledge_base,small_llm,0.2009627251355515,1120,110
0,greedy-advertised,77,text-summarization,knowledge_base,small_llm,0.21536062727236807,1120,110
0,greedy-advertised,78,factual-lookup,web_search,small_llm,-0.3813243630739098,1500,270
0,greedy-advertised,79,math-calculation,vector_db,small_llm,-0.11647170710481902,1150,105
0,greedy-advertised,80,code-snippet,web_search,small_llm,-0.35682093472291687,1500,270
0,greedy-advertised,81,factual-lookup,web_search,small_llm,-0.40617772911957095,1500,270
0,greedy-advertised,82,code-snippet,web_search,small_llm,-0.30065043059052404,1500,270
0,greedy-advertised,83,text-summarization,knowledge_base,small_llm,0.21961557036011695,1120,110
0,greedy-advertised,84,math-calculation,vector_db,small_llm,0.007842678571557349,1150,105
0,greedy-advertised,85,text-summarization,knowledge_base,small_llm,0.30499838371087573,1120,110
0,greedy-advertised,86,code-snippet,web_search,small_llm,-0.33676472890524717,1500,270
0,greedy-advertised,87,code-snippet,web_search,small_llm,-0.3520532542365705,1500,270
0,greedy-advertised,88,factual-lookup,web_search,small_llm,-0.42000000000000004,1500,270
0,greedy-advertised,89,factual-lookup,web_search,small_llm,-0.42000000000000004,1500,270
0,greedy-advertised,90,factual-lookup,web_search,small_llm,-0.3982096041267337,1500,270
0,greedy-advertised,91,code-snippet,web_search,small_llm,-0.3522501578962933,1500,270
0,greedy-advertised,92,math-calculation,vector_db,small_llm,-0.059784008955730106,1150,105
0,greedy-advertised,93,math-calculation,vector_db,small_llm,-0.04892612085218995,1150,105
0,greedy-advertised,94,text-summarization,knowledge_base,small_llm,0.2574190246079713,1120,110
0,greedy-advertised,95,math-calculation,vector_db,small_llm,-0.12172703794819963,1150,105
0,greedy-advertised,96,code-snippet,web_search,small_llm,-0.33157369693918237,1500,270
0,greedy-advertised,97,text-summarization,knowledge_base,small_llm,0.2638437467160233,1120,110
0,greedy-advertised,98,math-calculation,vector_db,small_llm,-0.09717973737402134,1150,105
0,greedy-advertised,99,code-snippet,web_search,small_llm,-0.39681187249259675,1500,270
0,oracle,0,factual-lookup,web_search,small_llm,0.26745540169229215,1500,150
0,oracle,1,text-summarization,vector_db,small_llm,0.5270217813169422,1150,105
0,oracle,2,code-snippet,vector_db,regex_processor,0.39951917273291554,230,25
0,oracle,3,code-snippet,vector_db,regex_processor,0.4865076169279113,230,25
0,oracle,4,math-calculation,knowledge_base,calculator,0.245598401895456,180,25
0,oracle,5,math-calculation,knowledge_base,calculator,0.2701183624053303,180,25
0,oracle,6,math-calculation,knowledge_base,calculator,0.18351638130357156,180,25
0,oracle,7,factual-lookup,web_search,small_llm,0.2001208220178467,1500,150
0,oracle,8,text-summarization,vector_db,small_llm,0.45521681545389214,1150,105
0,oracle,9,text-summarization,vector_db,small_llm,0.5505815268187066,1150,105
0,oracle,10,factual-lookup,web_search,small_llm,0.3306118801587579,1500,150
0,oracle,11,factual-lookup,web_search,small_llm,0.266156331559063,1500,150
0,oracle,12,math-calculation,knowledge_base,calculator,0.3461275973810927,180,25
0,oracle,13,code-snippet,vector_db,regex_processor,0.3527347068576143,230,25
0,oracle,14,text-summarization,vector_db,small_llm,0.4787633679241826,1150,105
0,oracle,15,math-calculation,knowledge_base,calculator,0.24739610510620352,180,25
0,oracle,16,factual-lookup,web_search,small_llm,0.290698124616182,1500,150
0,oracle,17,math-calculation,knowledge_base,calculator,0.31692802939572234,180,25
0,oracle,18,factual-lookup,web_search,small_llm,0.24444035687174076,1500,150
0,oracle,19,code-snippet,vector_db,regex_processor,0.48590268713201795,230,25
0,oracle,20,code-snippet,vector_db,regex_processor,0.40736990594785805,230,25
0,oracle,21,code-snippet,vector_db,regex_processor,0.4821271298864536,230,25
0,oracle,22,factual-lookup,web_search,small_llm,0.2628147885799163,1500,150
0,oracle,23,math-calculation,knowledge_base,calculator,0.37990103417684795,180,25
0,oracle,24,code-snippet,vector_db,regex_processor,0.5187214347992755,230,25
0,oracle,25,text-summarization,vector_db,small_llm,0.4630840472731893,1150,105
0,oracle,26,math-calculation,knowledge_base,calculator,0.30677729334399584,180,25
0,oracle,27,factual-lookup,web_search,small_llm,0.24884480385661906,1500,150
0,oracle,28,text-summarization,vector_db,small_llm,0.5397681363953555,1150,105
0,oracle,29,text-summarization,vector_db,small_llm,0.4133993848880718,1150,105
0,oracle,30,code-snippet,vector_db,regex_processor,0.3549825613091878,230,25
0,oracle,31,code-snippet,vector_db,regex_processor,0.4496043490477435,230,25
0,oracle,32,code-snippet,vector_db,regex_processor,0.40989767301702174,230,25
0,oracle,33,factual-lookup,web_search,small_llm,0.36601804935409193,1500,150
0,oracle,34,factual-lookup,web_search,small_llm,0.18084486244821107,1500,150
0,oracle,35,math-calculation,knowledge_base,calculator,0.30960144871299433,180,25
0,oracle,36,text-summarization,vector_db,small_llm,0.5154657733501464,1150,105
0,oracle,37,text-summarization,vector_db,small_llm,0.5235147778029597,1150,105
0,oracle,38,factual-lookup,web_search,small_llm,0.29302262935862095,1500,150
0,oracle,39,factual-lookup,web_search,small_llm,0.3668308526252025,1500,150
0,oracle,40,math-calculation,knowledge_base,calculator,0.29785812075828005,180,25
0,oracle,41,code-snippet,vector_db,regex_processor,0.35935297087645157,230,25
0,oracle,42,code-snippet,vector_db,regex_processor,0.3807559069803943,230,25
0,oracle,43,text-summarization,vector_db,small_llm,0.5590582906206403,1150,105
0,oracle,44,math-calculation,knowledge_base,calculator,0.26926971043700343,180,25
0,oracle,45,factual-lookup,web_search,small_llm,0.33503159804482757,1500,150
0,oracle,46,text-summarization,vector_db,small_llm,0.4451578156954038,1150,105
0,oracle,47,factual-lookup,web_search,small_llm,0.3271316874081835,1500,150
0,oracle,48,text-summarization,vector_db,small_llm,0.47795493461903693,1150,105
0,oracle,49,factual-lookup,knowledge_base,small_llm,0.16640196633581336,1120,110
0,oracle,50,text-summarization,vector_db,small_llm,0.5547354535375998,1150,105
0,oracle,51,math-calculation,knowledge_base,calculator,0.2735894607841471,180,25
0,oracle,52,code-snippet,vector_db,regex_processor,0.39314907742429256,230,25
0,oracle,53,math-calculation,knowledge_base,calculator,0.27134659524703636,180,25
0,oracle,54,math-calculation,knowledge_base,calculator,0.19433108510300184,180,25
0,oracle,55,math-calculation,knowledge_base,calculator,0.27325308988518715,180,25
0,oracle,56,math-calculation,knowledge_base,calculator,0.2997893762080089,180,25
0,oracle,57,text-summarization,vector_db,small_llm,0.4957182038380896,1150,105
0,oracle,58,code-snippet,vector_db,regex_processor,0.4829118344732372,230,25
0,oracle,59,text-summarization,vector_db,small_llm,0.5721866331151635,1150,105
0,oracle,60,code-snippet,vector_db,regex_processor,0.4636601109460516,230,25
0,oracle,61,math-calculation,knowledge_base,calculator,0.2784659070663064,180,25
0,oracle,62,factual-lookup,knowledge_base,small_llm,0.22342785934572787,1120,110
0,oracle,63,factual-lookup,knowledge_base,small_llm,0.22473657962900392,1120,110
0,oracle,64,code-snippet,vector_db,regex_processor,0.35509586174723556,230,25
0,oracle,65,code-snippet,vector_db,regex_processor,0.3785186190279197,230,25
0,oracle,66,text-summarization,vector_db,small_llm,0.5479335974585172,1150,105
0,oracle,67,factual-lookup,knowledge_base,small_llm,0.29921990817552846,1120,110
0,oracle,68,text-summarization,vector_db,small_llm,0.6001132413386261,1150,105
0,oracle,69,factual-lookup,knowledge_base,small_llm,0.22892270557830066,1120,110
0,oracle,70,text-summarization,vector_db,small_llm,0.5248831791996901,1150,105
0,oracle,71,code-snippet,vector_db,regex_processor,0.4327877922101373,230,25
0,oracle,72,factual-lookup,knowledge_base,small_llm,0.252939289229564,1120,110
0,oracle,73,math-calculation,knowledge_base,calculator,0.20543165286895076,180,25
0,oracle,74,math-calculation,knowledge_base,calculator,0.26681340757396615,180,25
0,oracle,75,text-summarization,vector_db,small_llm,0.4818536546019331,1150,105
0,oracle,76,text-summarization,vector_db,small_llm,0.43407994428682484,1150,105
0,oracle,77,text-summarization,vector_db,small_llm,0.4362934374690738,1150,105
0,oracle,78,factual-lookup,knowledge_base,small_llm,0.26269792742179954,1120,110
0,oracle,79,math-calculation,knowledge_base,calculator,0.20703973492407401,180,25
0,oracle,80,code-snippet,vector_db,regex_processor,0.41490365310468097,230,25
0,oracle,81,factual-lookup,knowledge_base,small_llm,0.23296647226094372,1120,110
0,oracle,82,code-snippet,vector_db,regex_processor,0.46873197078107814,230,25
0,oracle,83,text-summarization,vector_db,small_llm,0.44052715948917454,1150,105
0,oracle,84,math-calculation,knowledge_base,calculator,0.38936695331780496,180,25
0,oracle,85,text-summarization,vector_db,small_llm,0.5450942928510216,1150,105
0,oracle,86,code-snippet,vector_db,regex_processor,0.45198876523140075,230,25
0,oracle,87,code-snippet,vector_db,regex_processor,0.42328203892723826,230,25
0,oracle,88,factual-lookup,knowledge_base,small_llm,0.25114649541207434,1120,110
0,oracle,89,factual-lookup,knowledge_base,small_llm,0.19151441348695428,1120,110
0,oracle,90,factual-lookup,knowledge_base,small_llm,0.21068314058634738,1120,110
0,oracle,91,code-snippet,vector_db,regex_processor,0.42164152753889533,230,25
0,oracle,92,math-calculation,knowledge_base,calculator,0.2851565837201359,180,25
0,oracle,93,math-calculation,knowledge_base,calculator,0.2831710479720793,180,25
0,oracle,94,text-summarization,vector_db,small_llm,0.4909898622725408,1150,105
0,oracle,95,math-calculation,knowledge_base,calculator,0.1882018820758583,180,25
0,oracle,96,code-snippet,vector_db,regex_processor,0.44325695028171475,230,25
0,oracle,97,text-summarization,vector_db,small_llm,0.5158437467160233,1150,105
0,oracle,98,math-calculation,knowledge_base,calculator,0.2287791593787864,180,25
0,oracle,99,code-snippet,vector_db,regex_processor,0.40882265352903085,230,25
1,pheromone_router,0,factual-lookup,web_search,small_llm,0.3014846512442286,1500,150
1,pheromone_router,1,text-summarization,knowledge_base,small_llm,0.28448330464303817,1120,110
1,pheromone_router,2,code-snippet,web_search,regex_processor,0.26670461914665783,580,70
1,pheromone_router,3,code-snippet,vector_db,small_llm,0.3655850752472365,1150,105
1,pheromone_router,4,math-calculation,web_search,regex_processor,-0.0288738722246569,580,70
1,pheromone_router,5,math-calculation,vector_db,small_llm,-0.05606412723397797,1150,105
1,pheromone_router,6,math-calculation,vector_db,small_llm,-0.06092916040598617,1150,105
1,pheromone_router,7,factual-lookup,web_search,small_llm,0.24312743035696943,1500,150
1,pheromone_router,8,text-summarization,vector_db,small_llm,0.48853407832497986,1150,105
1,pheromone_router,9,text-summarization,web_search,small_llm,0.14059548658287524,1500,150
1,pheromone_router,10,factual-lookup,knowledge_base,small_llm,0.2743032338187965,1120,110
1,pheromone_router,11,factual-lookup,web_search,small_llm,0.35328167483226697,1500,150
1,pheromone_router,12,math-calculation,vector_db,regex_processor,0.08121742492549393,230,25
1,pheromone_router,13,code-snippet,web_search,small_llm,0.1439445227768104,1500,150
1,pheromone_router,14,text-summarization,knowledge_base,small_llm,0.2971853904581113,1120,110
1,pheromone_router,15,math-calculation,knowledge_base,small_llm,-0.02714246340582485,1120,110
1,pheromone_router,16,factual-lookup,knowledge_base,small_llm,0.2670375188234706,1120,110
1,pheromone_router,17,math-calculation,web_search,small_llm,-0.16128739483785404,1500,150
1,pheromone_router,18,factual-lookup,web_search,small_llm,0.3072128544030412,1500,150
1,pheromone_router,19,code-snippet,web_search,small_llm,0.22556881969630388,1500,150
1,pheromone_router,20,code-snippet,web_search,small_llm,0.29562391864657594,1500,150
1,pheromone_router,21,code-snippet,knowledge_base,small_llm,0.056307130388694254,1120,110
1,pheromone_router,22,factual-lookup,web_search,small_llm,0.21857491971703152,1500,150
1,pheromone_router,23,math-calculation,web_search,calculator,0.12932574929348745,560,65
1,pheromone_router,24,code-snippet,web_search,small_llm,0.24503845756146653,1500,150
1,pheromone_router,25,text-summarization,web_search,small_llm,0.23544469833416176,1500,150
1,pheromone_router,26,math-calculation,knowledge_base,small_llm,-0.06185005374993041,1120,110
1,pheromone_router,27,factual-lookup,web_search,small_llm,0.2815988965065958,1500,150
1,pheromone_router,28,text-summarization,web_search,small_llm,0.1971897554969011,1500,150
1,pheromone_router,29,text-summarization,knowledge_base,small_llm,0.14920608540728067,1120,110
1,pheromone_router,30,code-snippet,vector_db,regex_processor,0.39280979817768374,230,25
1,pheromone_router,31,code-snippet,vector_db,small_llm,0.37292922754013613,1150,105
1,pheromone_router,32,code-snippet,web_search,small_llm,0.11226258081852586,1500,150
1,pheromone_router,33,factual-lookup,knowledge_base,small_llm,0.24572939364277516,1120,110
1,pheromone_router,34,factual-lookup,web_search,small_llm,0.23700003818594345,1500,150
1,pheromone_router,35,math-calculation,web_search,small_llm,-0.1956779386807157,1500,150
1,pheromone_router,36,text-summarization,web_search,small_llm,0.18429960404482926,1500,150
1,pheromone_router,37,text-summarization,knowledge_base,small_llm,0.2475670698066729,1120,110
1,pheromone_router,38,factual-lookup,knowledge_base,small_llm,0.19800771581892593,1120,110
1,pheromone_router,39,factual-lookup,web_search,small_llm,0.30247480074860317,1500,150
1,pheromone_router,40,math-calculation,knowledge_base,calculator,0.3158686710861135,180,25
1,pheromone_router,41,code-snippet,vector_db,small_llm,0.32121983232017604,1150,105
1,pheromone_router,42,code-snippet,knowledge_base,small_llm,0.10177900757768163,1120,110
1,pheromone_router,43,text-summarization,web_search,small_llm,0.16474097758201867,1500,150
1,pheromone_router,44,math-calculation,vector_db,regex_processor,0.0420216186876151,230,25
1,pheromone_router,45,factual-lookup,web_search,small_llm,0.2688002624309707,1500,150
1,pheromone_router,46,text-summarization,knowledge_base,small_llm,0.24670467381791786,1120,110
1,pheromone_router,47,factual-lookup,web_search,small_llm,0.3269625369173517,1500,150
1,pheromone_router,48,text-summarization,web_search,small_llm,0.22087104255493933,1500,150
1,pheromone_router,49,factual-lookup,vector_db,small_llm,0.18980113905539112,1150,105
1,pheromone_router,50,text-summarization,knowledge_base,small_llm,0.276320562186833,1120,110
1,pheromone_router,51,math-calculation,vector_db,small_llm,-0.07780727703413148,1150,105
1,pheromone_router,52,code-snippet,knowledge_base,small_llm,0.12387733239218643,1120,110
1,pheromone_router,53,math-calculation,web_search,regex_processor,-0.23542816308709666,580,190
1,pheromone_router,54,math-calculation,knowledge_base,calculator,0.2369340899950474,180,25
1,pheromone_router,55,math-calculation,knowledge_base,regex_processor,0.06843592589825057,200,30
1,pheromone_router,56,math-calculation,web_search,small_llm,-0.39533508893622543,1500,270
1,pheromone_router,57,text-summarization,web_search,small_llm,-0.42000000000000004,1500,270
1,pheromone_router,58,code-snippet,web_search,small_llm,-0.3705497528588589,1500,270
1,pheromone_router,59,text-summarization,knowledge_base,small_llm,0.26745439738463794,1120,110
1,pheromone_router,60,code-snippet,vector_db,regex_processor,0.3727758271574513,230,25
1,pheromone_router,61,math-calculation,knowledge_base,small_llm,-0.04866695780852873,1120,110
1,pheromone_router,62,factual-lookup,vector_db,small_llm,0.22324164501004376,1150,105
1,pheromone_router,63,factual-lookup,web_search,small_llm,-0.3699872802462271,1500,270
1,pheromone_router,64,code-snippet,vector_db,small_llm,0.26179594906311,1150,105
1,pheromone_router,65,code-snippet,vector_db,regex_processor,0.4273758623218455,230,25
1,pheromone_router,66,text-summarization,knowledge_base,small_llm,0.3260989088463879,1120,110
1,pheromone_router,67,factual-lookup,knowledge_base,small_llm,0.2576982709729818,1120,110
1,pheromone_router,68,text-summarization,vector_db,small_llm,0.5090634202427777,1150,105
1,pheromone_router,69,factual-lookup,web_search,regex_processor,-0.22775687532371305,580,190
1,pheromone_router,70,text-summarization,web_search,small_llm,-0.34128316576539025,1500,270
1,pheromone_router,71,code-snippet,vector_db,small_llm,0.2976180794551655,1150,105
1,pheromone_router,72,factual-lookup,vector_db,small_llm,0.255216240468915,1150,105
1,pheromone_router,73,math-calculation,vector_db,small_llm,-0.015404861552791305,1150,105
1,pheromone_router,74,math-calculation,knowledge_base,small_llm,-0.06545079490699854,1120,110
1,pheromone_router,75,text-summarization,knowledge_base,small_llm,0.2411358266116709,1120,110
1,pheromone_router,76,text-summarization,knowledge_base,small_llm,0.27853477685113504,1120,110
1,pheromone_router,77,text-summarization,knowledge_base,small_llm,0.2347335023196309,1120,110
1,pheromone_router,78,factual-lookup,knowledge_base,small_llm,0.3684885947611105,1120,110
1,pheromone_router,79,math-calculation,web_search,small_llm,-0.3858362844299059,1500,270
1,pheromone_router,80,code-snippet,web_search,small_llm,-0.4150324239721356,1500,270
1,pheromone_router,81,factual-lookup,knowledge_base,small_llm,0.2568428080098274,1120,110
1,pheromone_router,82,code-snippet,vector_db,small_llm,0.38276009175528125,1150,105
1,pheromone_router,83,text-summarization,vector_db,small_llm,0.48897435588986293,1150,105
1,pheromone_router,84,math-calculation,vector_db,small_llm,-0.07166883111580943,1150,105
1,pheromone_router,85,text-summarization,knowledge_base,small_llm,0.16466225012543964,1120,110
1,pheromone_router,86,code-snippet,web_search,small_llm,-0.4151709539740024,1500,270
1,pheromone_router,87,code-snippet,vector_db,small_llm,0.39765573152083644,1150,105
1,pheromone_router,88,factual-lookup,vector_db,small_llm,0.24323294463365155,1150,105
1,pheromone_router,89,factual-lookup,knowledge_base,small_llm,0.3906774604777503,1120,110
1,pheromone_router,90,factual-lookup,web_search,small_llm,-0.42000000000000004,1500,270
1,pheromone_router,91,code-snippet,web_search,small_llm,-0.42000000000000004,1500,270
1,pheromone_router,92,math-calculation,vector_db,small_llm,-0.02947341365082895,1150,105
1,pheromone_router,93,math-calculation,web_search,small_llm,-0.42000000000000004,1500,270
1,pheromone_router,94,text-summarization,knowledge_base,small_llm,0.20321770297771194,1120,110
1,pheromone_router,95,math-calculation,vector_db,small_llm,-0.04313944912175968,1150,105
1,pheromone_router,96,code-snippet,vector_db,small_llm,0.3656892798660697,1150,105
1,pheromone_router,97,text-summarization,knowledge_base,small_llm,0.29479220525124306,1120,110
1,pheromone_router,98,math-calculation,web_search,small_llm,-0.42000000000000004,1500,270
1,pheromone_router,99,code-snippet,vector_db,small_llm,0.40288525142241205,1150,105
1,greedy-advertised,0,factual-lookup,web_search,small_llm,0.32010423318401765,1500,150
1,greedy-advertised,1,text-summarization,knowledge_base,small_llm,0.23504030166505538,1120,110
1,greedy-advertised,2,code-snippet,web_search,small_llm,0.26287918109908653,1500,150
1,greedy-advertised,3,code-snippet,web_search,small_llm,0.20383294750764186,1500,150
1,greedy-advertised,4,math-calculation,vector_db,small_llm,-0.04029419018229527,1150,105
1,greedy-advertised,5,math-calculation,vector_db,small_llm,-0.045978846543538926,1150,105
1,greedy-advertised,6,math-calculation,vector_db,small_llm,-0.07739619736990985,1150,105
1,greedy-advertised,7,factual-lookup,web_search,small_llm,0.28325982740865435,1500,150
1,greedy-advertised,8,text-summarization,knowledge_base,small_llm,0.24754633883501262,1120,110
1,greedy-advertised,9,text-summarization,knowledge_base,small_llm,0.20993229399605925,1120,110
1,greedy-advertised,10,factual-lookup,web_search,small_llm,0.2571475173923144,1500,150
1,greedy-advertised,11,factual-lookup,web_search,small_llm,0.35033621576528967,1500,150
1,greedy-advertised,12,math-calculation,vector_db,small_llm,-0.14508861227423606,1150,105
1,greedy-advertised,13,code-snippet,web_search,small_llm,0.1900909414940571,1500,150
1,greedy-advertised,14,text-summarization,knowledge_base,small_llm,0.2686971639286627,1120,110
1,greedy-advertised,15,math-calculation,vector_db,small_llm,-0.019327447345608234,1150,105
1,greedy-advertised,16,factual-lookup,web_search,small_llm,0.3537750991735608,1500,150
1,greedy-advertised,17,math-calculation,vector_db,small_llm,-0.026197704344836703,1150,105
1,greedy-advertised,18,factual-lookup,web_search,small_llm,0.1784140410808318,1500,150
1,greedy-advertised,19,code-snippet,web_search,small_llm,0.22043331430494723,1500,150
1,greedy-advertised,20,code-snippet,web_search,small_llm,0.13943713695831628,1500,150
1,greedy-advertised,21,code-snippet,web_search,small_llm,0.17876575337815342,1500,150
1,greedy-advertised,22,factual-lookup,web_search,small_llm,0.27156388698413286,1500,150
1,greedy-advertised,23,math-calculation,vector_db,small_llm,-0.06166079589311882,1150,105
1,greedy-advertised,24,code-snippet,web_search,small_llm,0.26329212333122815,1500,150
1,greedy-advertised,25,text-summarization,knowledge_base,small_llm,0.24712821932914583,1120,110
1,greedy-advertised,26,math-calculation,vector_db,small_llm,-0.04331836180963822,1150,105
1,greedy-advertised,27,factual-lookup,web_search,small_llm,0.24310923302672288,1500,150
1,greedy-advertised,28,text-summarization,knowledge_base,small_llm,0.2958897373551618,1120,110
1,greedy-advertised,29,text-summarization,knowledge_base,small_llm,0.18681689495318196,1120,110
1,greedy-advertised,30,code-snippet,web_search,small_llm,0.22051998360541908,1500,150
1,greedy-advertised,31,code-snippet,web_search,small_llm,0.13775493491706609,1500,150
1,greedy-advertised,32,code-snippet,web_search,small_llm,0.20424696412900306,1500,150
1,greedy-advertised,33,factual-lookup,web_search,small_llm,0.3135895234440355,1500,150
1,greedy-advertised,34,factual-lookup,web_search,small_llm,0.23157123476239821,1500,150
1,greedy-advertised,35,math-calculation,vector_db,small_llm,-0.026696024427621368,1150,105
1,greedy-advertised,36,text-summarization,knowledge_base,small_llm,0.23176757731263606,1120,110
1,greedy-advertised,37,text-summarization,knowledge_base,small_llm,0.2880034323973718,1120,110
1,greedy-advertised,38,factual-lookup,web_search,small_llm,0.19053602806548153,1500,150
1,greedy-advertised,39,factual-lookup,web_search,small_llm,0.24564545453073533,1500,150
1,greedy-advertised,40,math-calculation,vector_db,small_llm,-0.030398781767840055,1150,105
1,greedy-advertised,41,code-snippet,web_search,small_llm,0.10970684219796484,1500,150
1,greedy-advertised,42,code-snippet,web_search,small_llm,0.2694559067521172,1500,150
1,greedy-advertised,43,text-summarization,knowledge_base,small_llm,0.22256389891777575,1120,110
1,greedy-advertised,44,math-calculation,vector_db,small_llm,-0.03519889077212657,1150,105
1,greedy-advertised,45,factual-lookup,web_search,small_llm,0.30903219199962556,1500,150
1,greedy-advertised,46,text-summarization,knowledge_base,small_llm,0.24208581760937278,1120,110
1,greedy-advertised,47,factual-lookup,web_search,small_llm,0.1874572862460731,1500,150
1,greedy-advertised,48,text-summarization,knowledge_base,small_llm,0.2472274355573981,1120,110
1,greedy-advertised,49,factual-lookup,web_search,small_llm,-0.42000000000000004,1500,270
1,greedy-advertised,50,text-summarization,knowledge_base,small_llm,0.24222103701652978,1120,110
1,greedy-advertised,51,math-calculation,vector_db,small_llm,-0.04862658457422489,1150,105
1,greedy-advertised,52,code-snippet,web_search,small_llm,-0.3235749946406364,1500,270
1,greedy-advertised,53,math-calculation,vector_db,small_llm,-0.09848180881054056,1150,105
1,greedy-advertised,54,math-calculation,vector_db,small_llm,-0.008939164575958919,1150,105
1,greedy-advertised,55,math-calculation,vector_db,small_llm,-0.07202000567474767,1150,105
1,greedy-advertised,56,math-calculation,vector_db,small_llm,-0.047889451836466146,1150,105
1,greedy-advertised,57,text-summarization,knowledge_base,small_llm,0.2549564945021763,1120,110
1,greedy-advertised,58,code-snippet,web_search,small_llm,-0.4075345774995547,1500,270
1,greedy-advertised,59,text-summarization,knowledge_base,small_llm,0.21881746435088859,1120,110
1,greedy-advertised,60,code-snippet,web_search,small_llm,-0.3223531864156463,1500,270
1,greedy-advertised,61,math-calculation,vector_db,small_llm,-0.11737153358024943,1150,105
1,greedy-advertised,62,factual-lookup,web_search,small_llm,-0.3224410132474447,1500,270
1,greedy-advertised,63,factual-lookup,web_search,small_llm,-0.42000000000000004,1500,270
1,greedy-advertised,64,code-snippet,web_search,small_llm,-0.41343216491365664,1500,270
1,greedy-advertised,65,code-snippet,web_search,small_llm,-0.39142798516470706,1500,270
1,greedy-advertised,66,text-summarization,knowledge_base,small_llm,0.24041364240764304,1120,110
1,greedy-advertised,67,factual-lookup,web_search,small_llm,-0.3970348941693842,1500,270
1,greedy-advertised,68,text-summarization,knowledge_base,small_llm,0.21480816804867667,1120,110
1,greedy-advertised,69,factual-lookup,web_search,small_llm,-0.39263252092430184,1500,270
1,greedy-advertised,70,text-summarization,knowledge_base,small_llm,0.22335528153523784,1120,110
1,greedy-advertised,71,code-snippet,web_search,small_llm,-0.37988791758366314,1500,270
1,greedy-advertised,72,factual-lookup,web_search,small_llm,-0.3762442591197964,1500,270
1,greedy-advertised,73,math-calculation,vector_db,small_llm,-0.05515039538182559,1150,105
1,greedy-advertised,74,math-calculation,vector_db,small_llm,-0.0654415246461349,1150,105
1,greedy-advertised,75,text-summarization,knowledge_base,small_llm,0.27659281328757035,1120,110
1,greedy-advertised,76,text-summarization,knowledge_base,small_llm,0.18270180502687158,1120,110
1,greedy-advertised,77,text-summarization,knowledge_base,small_llm,0.2584727327822338,1120,110
1,greedy-advertised,78,factual-lookup,web_search,small_llm,-0.42000000000000004,1500,270
1,greedy-advertised,79,math-calculation,vector_db,small_llm,-0.11380529927505557,1150,105
1,greedy-advertised,80,code-snippet,web_search,small_llm,-0.3403923215043604,1500,270
1,greedy-advertised,81,factual-lookup,web_search,small_llm,-0.40866612662660073,1500,270
1,greedy-advertised,82,code-snippet,web_search,small_llm,-0.34492275412227336,1500,270
1,greedy-advertised,83,text-summarization,knowledge_base,small_llm,0.3529531382957618,1120,110
1,greedy-advertised,84,math-calculation,vector_db,small_llm,-0.07299438723173832,1150,105
1,greedy-advertised,85,text-summarization,knowledge_base,small_llm,0.2522550454146202,1120,110
1,greedy-advertised,86,code-snippet,web_search,small_llm,-0.37835432675681413,1500,270
1,greedy-advertised,87,code-snippet,web_search,small_llm,-0.42000000000000004,1500,270
1,greedy-advertised,88,factual-lookup,web_search,small_llm,-0.4084894238799378,1500,270
1,greedy-advertised,89,factual-lookup,web_search,small_llm,-0.365473834720201,1500,270
1,greedy-advertised,90,factual-lookup,web_search,small_llm,-0.3746076170347033,1500,270
1,greedy-advertised,91,code-snippet,web_search,small_llm,-0.4166327780851558,1500,270
1,greedy-advertised,92,math-calculation,vector_db,small_llm,-0.05038949287456096,1150,105
1,greedy-advertised,93,math-calculation,vector_db,small_llm,-0.07530488476829617,1150,105
1,greedy-advertised,94,text-summarization,knowledge_base,small_llm,0.1827105940465025,1120,110
1,greedy-advertised,95,math-calculation,vector_db,small_llm,-0.050637773657887575,1150,105
1,greedy-advertised,96,code-snippet,web_search,small_llm,-0.3499083302095245,1500,270
1,greedy-advertised,97,text-summarization,knowledge_base,small_llm,0.21437555390434196,1120,110
1,greedy-advertised,98,math-calculation,vector_db,small_llm,-0.021497025333045927,1150,105
1,greedy-advertised,99,code-snippet,web_search,small_llm,-0.3583158806253982,1500,270
1,oracle,0,factual-lookup,web_search,small_llm,0.32010423318401765,1500,150
1,oracle,1,text-summarization,vector_db,small_llm,0.45825083627000085,1150,105
1,oracle,2,code-snippet,vector_db,regex_processor,0.45420494852994825,230,25
1,oracle,3,code-snippet,vector_db,regex_processor,0.4063128920333348,230,25
1,oracle,4,math-calculation,knowledge_base,calculator,0.32327944757734417,180,25
1,oracle,5,math-calculation,knowledge_base,calculator,0.3084211120657898,180,25
1,oracle,6,math-calculation,knowledge_base,calculator,0.26136276488957166,180,25
1,oracle,7,factual-lookup,web_search,small_llm,0.28325982740865435,1500,150
1,oracle,8,text-summarization,vector_db,small_llm,0.4833906294479491,1150,105
1,oracle,9,text-summarization,vector_db,small_llm,0.44621739098832336,1150,105
1,oracle,10,factual-lookup,web_search,small_llm,0.2571475173923144,1500,150
1,oracle,11,factual-lookup,web_search,small_llm,0.35033621576528967,1500,150
1,oracle,12,math-calculation,knowledge_base,calculator,0.1468988613130764,180,25
1,oracle,13,code-snippet,vector_db,regex_processor,0.3873462561555299,230,25
1,oracle,14,text-summarization,vector_db,small_llm,0.5109136880664448,1150,105
1,oracle,15,math-calculation,knowledge_base,calculator,0.37842603398125857,180,25
1,oracle,16,factual-lookup,web_search,small_llm,0.3537750991735608,1500,150
1,oracle,17,math-calculation,knowledge_base,calculator,0.33933514981009233,180,25
1,oracle,18,factual-lookup,web_search,small_llm,0.1784140410808318,1500,150
1,oracle,19,code-snippet,vector_db,regex_processor,0.4164498639428305,230,25
1,oracle,20,code-snippet,vector_db,regex_processor,0.3439342107106992,230,25
1,oracle,21,code-snippet,vector_db,regex_processor,0.3739442019184557,230,25
1,oracle,22,factual-lookup,web_search,small_llm,0.27156388698413286,1500,150
1,oracle,23,math-calculation,knowledge_base,calculator,0.2928385790577883,180,25
1,oracle,24,code-snippet,vector_db,regex_processor,0.45806693017854033,230,25
1,oracle,25,text-summarization,vector_db,small_llm,0.476400341486767,1150,105
1,oracle,26,math-calculation,knowledge_base,calculator,0.3261585622455811,180,25
1,oracle,27,factual-lookup,web_search,small_llm,0.24310923302672288,1500,150
1,oracle,28,text-summarization,vector_db,small_llm,0.5351389441724683,1150,105
1,oracle,29,text-summarization,vector_db,small_llm,0.42239315155359647,1150,105
1,oracle,30,code-snippet,vector_db,regex_processor,0.4177961948625436,230,25
1,oracle,31,code-snippet,vector_db,regex_processor,0.3393529132362105,230,25
1,oracle,32,code-snippet,vector_db,regex_processor,0.3985832060904505,230,25
1,oracle,33,factual-lookup,web_search,small_llm,0.3135895234440355,1500,150
1,oracle,34,factual-lookup,web_search,small_llm,0.23157123476239821,1500,150
1,oracle,35,math-calculation,knowledge_base,calculator,0.35389006826347064,180,25
1,oracle,36,text-summarization,vector_db,small_llm,0.480670625152381,1150,105
1,oracle,37,text-summarization,vector_db,small_llm,0.5387019707820914,1150,105
1,oracle,38,factual-lookup,web_search,small_llm,0.19053602806548153,1500,150
1,oracle,39,factual-lookup,web_search,small_llm,0.24564545453073533,1500,150
1,oracle,40,math-calculation,knowledge_base,calculator,0.34175476252712567,180,25
1,oracle,41,code-snippet,vector_db,regex_processor,0.3159503037409702,230,25
1,oracle,42,code-snippet,vector_db,regex_processor,0.46152690152125747,230,25
1,oracle,43,text-summarization,vector_db,small_llm,0.46205078896068474,1150,105
1,oracle,44,math-calculation,knowledge_base,calculator,0.3292786776888093,180,25
1,oracle,45,factual-lookup,web_search,small_llm,0.30903219199962556,1500,150
1,oracle,46,text-summarization,vector_db,small_llm,0.4783502167995247,1150,105
1,oracle,47,factual-lookup,web_search,small_llm,0.1874572862460731,1500,150
1,oracle,48,text-summarization,vector_db,small_llm,0.4871399368571988,1150,105
1,oracle,49,factual-lookup,knowledge_base,small_llm,0.22736613685529186,1120,110
1,oracle,50,text-summarization,vector_db,small_llm,0.4925015969704766,1150,105
1,oracle,51,math-calculation,knowledge_base,calculator,0.30072039579828364,180,25
1,oracle,52,code-snippet,vector_db,regex_processor,0.46327156580198364,230,25
1,oracle,53,math-calculation,knowledge_base,calculator,0.23390439002660668,180,25
1,oracle,54,math-calculation,knowledge_base,calculator,0.3834803634676742,180,25
1,oracle,55,math-calculation,knowledge_base,calculator,0.26853649067126645,180,25
1,oracle,56,math-calculation,knowledge_base,calculator,0.29742943347586753,180,25
1,oracle,57,text-summarization,vector_db,small_llm,0.49462836429740653,1150,105
1,oracle,58,code-snippet,vector_db,regex_processor,0.39641181337061737,230,25
1,oracle,59,text-summarization,vector_db,small_llm,0.4666410823479381,1150,105
1,oracle,60,code-snippet,vector_db,regex_processor,0.4049767010939532,230,25
1,oracle,61,math-calculation,knowledge_base,calculator,0.1836885384324341,180,25
1,oracle,62,factual-lookup,knowledge_base,small_llm,0.2880243049198594,1120,110
1,oracle,63,factual-lookup,knowledge_base,small_llm,0.24219633221829592,1120,110
1,oracle,64,code-snippet,vector_db,regex_processor,0.3621924824936786,230,25
1,oracle,65,code-snippet,vector_db,regex_processor,0.4116429584241753,230,25
1,oracle,66,text-summarization,vector_db,small_llm,0.48338717790864505,1150,105
1,oracle,67,factual-lookup,knowledge_base,small_llm,0.21928993944368066,1120,110
1,oracle,68,text-summarization,vector_db,small_llm,0.4424281722340777,1150,105
1,oracle,69,factual-lookup,knowledge_base,small_llm,0.21322249554198672,1120,110
1,oracle,70,text-summarization,vector_db,small_llm,0.4753552815352379,1150,105
1,oracle,71,code-snippet,vector_db,regex_processor,0.4033939033044656,230,25
1,oracle,72,factual-lookup,knowledge_base,small_llm,0.25597360328462093,1120,110
1,oracle,73,math-calculation,knowledge_base,calculator,0.2955732316260921,180,25
1,oracle,74,math-calculation,knowledge_base,calculator,0.29273217414478864,180,25
1,oracle,75,text-summarization,vector_db,small_llm,0.5087123764964574,1150,105
1,oracle,76,text-summarization,vector_db,small_llm,0.4109458666518835,1150,105
1,oracle,77,text-summarization,vector_db,small_llm,0.5104727327822339,1150,105
1,oracle,78,factual-lookup,knowledge_base,small_llm,0.2286665211557843,1120,110
1,oracle,79,math-calculation,knowledge_base,calculator,0.195227559693134,180,25
1,oracle,80,code-snippet,vector_db,regex_processor,0.43026103070272603,230,25
1,oracle,81,factual-lookup,knowledge_base,small_llm,0.24801553827559444,1120,110
1,oracle,82,code-snippet,vector_db,regex_processor,0.454235834874619,230,25
1,oracle,83,text-summarization,vector_db,small_llm,0.5950677316999652,1150,105
1,oracle,84,math-calculation,knowledge_base,calculator,0.268953847648607,180,25
1,oracle,85,text-summarization,vector_db,small_llm,0.49311426270809666,1150,105
1,oracle,86,code-snippet,vector_db,regex_processor,0.41158986000929276,230,25
1,oracle,87,code-snippet,vector_db,regex_processor,0.37201772497105356,230,25
1,oracle,88,factual-lookup,knowledge_base,small_llm,0.19551712500329885,1120,110
1,oracle,89,factual-lookup,knowledge_base,small_llm,0.3319258905567771,1120,110
1,oracle,90,factual-lookup,knowledge_base,small_llm,0.2794358572345038,1120,110
1,oracle,91,code-snippet,vector_db,regex_processor,0.4610058943395388,230,25
1,oracle,92,math-calculation,knowledge_base,calculator,0.32068783079380403,180,25
1,oracle,93,math-calculation,knowledge_base,calculator,0.26315034815397903,180,25
1,oracle,94,text-summarization,vector_db,small_llm,0.42431847413413404,1150,105
1,oracle,95,math-calculation,knowledge_base,calculator,0.28404642221436205,180,25
1,oracle,96,code-snippet,vector_db,regex_processor,0.34603694669022045,230,25
1,oracle,97,text-summarization,vector_db,small_llm,0.4336572101602959,1150,105
1,oracle,98,math-calculation,knowledge_base,calculator,0.3577804563236168,180,25
1,oracle,99,code-snippet,vector_db,regex_processor,0.39011733661910036,230,25
2,pheromone_router,0,factual-lookup,knowledge_base,regex_processor,0.15045446642424082,200,30
2,pheromone_router,1,text-summarization,knowledge_base,small_llm,0.25837526361266927,1120,110
2,pheromone_router,2,code-snippet,web_search,small_llm,0.2104295369443719,1500,150
2,pheromone_router,3,code-snippet,knowledge_base,small_llm,0.16283590124459976,1120,110
2,pheromone_router,4,math-calculation,web_search,calculator,0.19823056790040988,560,65
2,pheromone_router,5,math-calculation,web_search,small_llm,-0.12852938009700876,1500,150
2,pheromone_router,6,math-calculation,vector_db,small_llm,-0.06413361081641825,1150,105
2,pheromone_router,7,factual-lookup,vector_db,small_llm,0.22758856041238942,1150,105
2,pheromone_router,8,text-summarization,knowledge_base,small_llm,0.329743311996477,1120,110
2,pheromone_router,9,text-summarization,web_search,small_llm,0.3095252897779264,1500,150
2,pheromone_router,10,factual-lookup,knowledge_base,regex_processor,0.13391691779075698,200,30
2,pheromone_router,11,factual-lookup,knowledge_base,small_llm,0.2361998644866489,1120,110
2,pheromone_router,12,math-calculation,vector_db,small_llm,-0.056190441131430485,1150,105
2,pheromone_router,13,code-snippet,vector_db,small_llm,0.3801034254335506,1150,105
2,pheromone_router,14,text-summarization,vector_db,regex_processor,0.1723794339267516,230,25
2,pheromone_router,15,math-calculation,vector_db,small_llm,-0.012865967353495406,1150,105
2,pheromone_router,16,factual-lookup,vector_db,small_llm,0.17761577871007986,1150,105
2,pheromone_router,17,math-calculation,vector_db,small_llm,-0.052950544258570875,1150,105
2,pheromone_router,18,factual-lookup,vector_db,small_llm,0.21910182661846897,1150,105
2,pheromone_router,19,code-snippet,web_search,regex_processor,0.1988376221853051,580,70
2,pheromone_router,20,code-snippet,knowledge_base,small_llm,0.1166494847068871,1120,110
2,pheromone_router,21,code-snippet,web_search,small_llm,0.1433933744711282,1500,150
2,pheromone_router,22,factual-lookup,web_search,small_llm,0.3130180209037002,1500,150
2,pheromone_router,23,math-calculation,vector_db,calculator,0.2367771587147228,210,20
2,pheromone_router,24,code-snippet,vector_db,small_llm,0.2895252349460996,1150,105
2,pheromone_router,25,text-summarization,web_search,small_llm,0.2599461901665659,1500,150
2,pheromone_router,26,math-calculation,knowledge_base,small_llm,-0.05876569738780041,1120,110
2,pheromone_router,27,factual-lookup,knowledge_base,small_llm,0.2440844733957996,1120,110
2,pheromone_router,28,text-summarization,vector_db,small_llm,0.5655710742351251,1150,105
2,pheromone_router,29,text-summarization,vector_db,small_llm,0.41397253773061293,1150,105
2,pheromone_router,30,code-snippet,web_search,regex_processor,0.2515573166095172,580,70
2,pheromone_router,31,code-snippet,web_search,small_llm,0.16575687865364652,1500,150
2,pheromone_router,32,code-snippet,web_search,small_llm,0.20707399703672374,1500,150
2,pheromone_router,33,factual-lookup,knowledge_base,small_llm,0.24452457956719778,1120,110
2,pheromone_router,34,factual-lookup,vector_db,small_llm,0.17184408733152842,1150,105
2,pheromone_router,35,math-calculation,vector_db,small_llm,-0.05172121014455158,1150,105
2,pheromone_router,36,text-summarization,knowledge_base,small_llm,0.265684719385472,1120,110
2,pheromone_router,37,text-summarization,knowledge_base,small_llm,0.3373926654178492,1120,110
2,pheromone_router,38,factual-lookup,vector_db,small_llm,0.12485794642051481,1150,105
2,pheromone_router,39,factual-lookup,knowledge_base,small_llm,0.3223395033473757,1120,110
2,pheromone_router,40,math-calculation,vector_db,small_llm,-0.06843409036423448,1150,105
2,pheromone_router,41,code-snippet,vector_db,small_llm,0.2804770309787805,1150,105
2,pheromone_router,42,code-snippet,knowledge_base,small_llm,0.07604651930446707,1120,110
2,pheromone_router,43,text-summarization,knowledge_base,regex_processor,0.09713697228208733,200,30
2,pheromone_router,44,math-calculation,knowledge_base,small_llm,0.00466924931206561,1120,110
2,pheromone_router,45,factual-lookup,knowledge_base,regex_processor,0.07224875284420597,200,30
2,pheromone_router,46,text-summarization,web_search,small_llm,0.14084101587586045,1500,150
2,pheromone_router,47,factual-lookup,vector_db,small_llm,0.19885725549744668,1150,105
2,pheromone_router,48,text-summarization,knowledge_base,small_llm,0.13056083868858911,1120,110
2,pheromone_router,49,factual-lookup,web_search,small_llm,-0.42000000000000004,1500,270
2,pheromone_router,50,text-summarization,knowledge_base,small_llm,0.2407787852235773,1120,110
2,pheromone_router,51,math-calculation,vector_db,small_llm,-0.06819508710469585,1150,105
2,pheromone_router,52,code-snippet,vector_db,small_llm,0.396022576096258,1150,105
2,pheromone_router,53,math-calculation,web_search,small_llm,-0.37977608286411196,1500,270
2,pheromone_router,54,math-calculation,knowledge_base,regex_processor,0.09602946777518055,200,30
2,pheromone_router,55,math-calculation,vector_db,small_llm,-0.061279053690877244,1150,105
2,pheromone_router,56,math-calculation,vector_db,regex_processor,0.046692428181043966,230,25
2,pheromone_router,57,text-summarization,web_search,small_llm,-0.37618751147749013,1500,270
2,pheromone_router,58,code-snippet,knowledge_base,small_llm,0.15902114165027645,1120,110
2,pheromone_router,59,text-summarization,knowledge_base,small_llm,0.328581088993122,1120,110
2,pheromone_router,60,code-snippet,web_search,small_llm,-0.3386940494905102,1500,270
2,pheromone_router,61,math-calculation,vector_db,small_llm,-0.059685433961142925,1150,105
2,pheromone_router,62,factual-lookup,knowledge_base,small_llm,0.19239649508091447,1120,110
2,pheromone_router,63,factual-lookup,web_search,small_llm,-0.42000000000000004,1500,270
2,pheromone_router,64,code-snippet,vector_db,regex_processor,0.42878792252539494,230,25
2,pheromone_router,65,code-snippet,knowledge_base,small_llm,0.08330760001869017,1120,110
2,pheromone_router,66,text-summarization,knowledge_base,small_llm,0.2971351665264764,1120,110
2,pheromone_router,67,factual-lookup,knowledge_base,small_llm,0.2349699151028539,1120,110
2,pheromone_router,68,text-summarization,web_search,small_llm,-0.42000000000000004,1500,270
2,pheromone_router,69,factual-lookup,knowledge_base,small_llm,0.2002354180362423,1120,110
2,pheromone_router,70,text-summarization,knowledge_base,small_llm,0.28276150156612134,1120,110
2,pheromone_router,71,code-snippet,web_search,calculator,-0.2344540881512446,560,185
2,pheromone_router,72,factual-lookup,knowledge_base,small_llm,0.24724108754711813,1120,110
2,pheromone_router,73,math-calculation,knowledge_base,small_llm,0.024511412956420203,1120,110
2,pheromone_router,74,math-calculation,knowledge_base,small_llm,-0.013822247523874093,1120,110
2,pheromone_router,75,text-summarization,knowledge_base,small_llm,0.2891202905675273,1120,110
2,pheromone_router,76,text-summarization,knowledge_base,small_llm,0.19515565055811393,1120,110
2,pheromone_router,77,text-summarization,knowledge_base,small_llm,0.18034991212074228,1120,110
2,pheromone_router,78,factual-lookup,knowledge_base,small_llm,0.23851123666755633,1120,110
2,pheromone_router,79,math-calculation,vector_db,regex_processor,0.09057739840278937,230,25
2,pheromone_router,80,code-snippet,web_search,small_llm,-0.35208113886679193,1500,270
2,pheromone_router,81,factual-lookup,vector_db,small_llm,0.18886173722954644,1150,105
2,pheromone_router,82,code-snippet,vector_db,small_llm,0.3474815660243017,1150,105
2,pheromone_router,83,text-summarization,web_search,small_llm,-0.33808120348086945,1500,270
2,pheromone_router,84,math-calculation,knowledge_base,small_llm,0.001304751938718235,1120,110
2,pheromone_router,85,text-summarization,vector_db,small_llm,0.44033196589096013,1150,105
2,pheromone_router,86,code-snippet,knowledge_base,regex_processor,0.1916113700020442,200,30
2,pheromone_router,87,code-snippet,vector_db,small_llm,0.2942140947389298,1150,105
2,pheromone_router,88,factual-lookup,web_search,small_llm,-0.39922318908349597,1500,270
2,pheromone_router,89,factual-lookup,vector_db,small_llm,0.18875179086524715,1150,105
2,pheromone_router,90,factual-lookup,vector_db,small_llm,0.20749351371207345,1150,105
2,pheromone_router,91,code-snippet,web_search,small_llm,-0.42000000000000004,1500,270
2,pheromone_router,92,math-calculation,vector_db,small_llm,-0.048194957694547125,1150,105
2,pheromone_router,93,math-calculation,knowledge_base,small_llm,-0.05024628729550393,1120,110
2,pheromone_router,94,text-summarization,web_search,small_llm,-0.3745192045768996,1500,270
2,pheromone_router,95,math-calculation,vector_db,small_llm,-0.08095352189278698,1150,105
2,pheromone_router,96,code-snippet,vector_db,small_llm,0.28848611968740856,1150,105
2,pheromone_router,97,text-summarization,vector_db,small_llm,0.5428321831628147,1150,105
2,pheromone_router,98,math-calculation,knowledge_base,small_llm,-0.023276731238942472,1120,110
2,pheromone_router,99,code-snippet,knowledge_base,small_llm,0.10689637171980862,1120,110
2,greedy-advertised,0,factual-lookup,web_search,small_llm,0.2505939820817474,1500,150
2,greedy-advertised,1,text-summarization,knowledge_base,small_llm,0.174864000043261,1120,110
2,greedy-advertised,2,code-snippet,web_search,small_llm,0.32596044934416196,1500,150
2,greedy-advertised,3,code-snippet,web_search,small_llm,0.21875419119834755,1500,150
2,greedy-advertised,4,math-calculation,vector_db,small_llm,-0.05596340135387551,1150,105
2,greedy-advertised,5,math-calculation,vector_db,small_llm,-0.03353421822329153,1150,105
2,greedy-advertised,6,math-calculation,vector_db,small_llm,-0.07527366672026756,1150,105
2,greedy-advertised,7,factual-lookup,web_search,small_llm,0.2788240072949492,1500,150
2,greedy-advertised,8,text-summarization,knowledge_base,small_llm,0.26289384264300586,1120,110
2,greedy-advertised,9,text-summarization,knowledge_base,small_llm,0.23643455866216403,1120,110
2,greedy-advertised,10,factual-lookup,web_search,small_llm,0.30457117815086393,1500,150
2,greedy-advertised,11,factual-lookup,web_search,small_llm,0.29975531784103243,1500,150
2,greedy-advertised,12,math-calculation,vector_db,small_llm,-0.07302713147663098,1150,105
2,greedy-advertised,13,code-snippet,web_search,small_llm,0.2398321213972438,1500,150
2,greedy-advertised,14,text-summarization,knowledge_base,small_llm,0.13973835172173224,1120,110
2,greedy-advertised,15,math-calculation,vector_db,small_llm,-0.02965837323113313,1150,105
2,greedy-advertised,16,factual-lookup,web_search,small_llm,0.3361215436153749,1500,150
2,greedy-advertised,17,math-calculation,vector_db,small_llm,-0.044799176913351474,1150,105
2,greedy-advertised,18,factual-lookup,web_search,small_llm,0.3057904695065827,1500,150
2,greedy-advertised,19,code-snippet,web_search,small_llm,0.15052275846284774,1500,150
2,greedy-advertised,20,code-snippet,web_search,small_llm,0.27546161480342574,1500,150
2,greedy-advertised,21,code-snippet,web_search,small_llm,0.14720071880703212,1500,150
2,greedy-advertised,22,factual-lookup,web_search,small_llm,0.29777686704202416,1500,150
2,greedy-advertised,23,math-calculation,vector_db,small_llm,-0.042375518257361966,1150,105
2,greedy-advertised,24,code-snippet,web_search,small_llm,0.15899020752248288,1500,150
2,greedy-advertised,25,text-summarization,knowledge_base,small_llm,0.26301918108131117,1120,110
2,greedy-advertised,26,math-calculation,vector_db,small_llm,-0.03207333771438395,1150,105
2,greedy-advertised,27,factual-lookup,web_search,small_llm,0.32034312080057287,1500,150
2,greedy-advertised,28,text-summarization,knowledge_base,small_llm,0.37428183006378957,1120,110
2,greedy-advertised,29,text-summarization,knowledge_base,small_llm,0.22094600956407442,1120,110
2,greedy-advertised,30,code-snippet,web_search,small_llm,0.231322109094744,1500,150
2,greedy-advertised,31,code-snippet,web_search,small_llm,0.19929252289725685,1500,150
2,greedy-advertised,32,code-snippet,web_search,small_llm,0.2038968174866967,1500,150
2,greedy-advertised,33,factual-lookup,web_search,small_llm,0.11780338901570636,1500,150
2,greedy-advertised,34,factual-lookup,web_search,small_llm,0.30368966797916325,1500,150
2,greedy-advertised,35,math-calculation,vector_db,small_llm,-0.013639873309907014,1150,105
2,greedy-advertised,36,text-summarization,knowledge_base,small_llm,0.22880910375727123,1120,110
2,greedy-advertised,37,text-summarization,knowledge_base,small_llm,0.21824752425106128,1120,110
2,greedy-advertised,38,factual-lookup,web_search,small_llm,0.3234607268102347,1500,150
2,greedy-advertised,39,factual-lookup,web_search,small_llm,0.3007777453150708,1500,150
2,greedy-advertised,40,math-calculation,vector_db,small_llm,-0.07247410788402137,1150,105
2,greedy-advertised,41,code-snippet,web_search,small_llm,0.2445233516190813,1500,150
2,greedy-advertised,42,code-snippet,web_search,small_llm,0.17396859478786397,1500,150
2,greedy-advertised,43,text-summarization,knowledge_base,small_llm,0.21430459353326323,1120,110
2,greedy-advertised,44,math-calculation,vector_db,small_llm,-0.03884784384199963,1150,105
2,greedy-advertised,45,factual-lookup,web_search,small_llm,0.2666190025669271,1500,150
2,greedy-advertised,46,text-summarization,knowledge_base,small_llm,0.23905663493248222,1120,110
2,greedy-advertised,47,factual-lookup,web_search,small_llm,0.26555831728409945,1500,150
2,greedy-advertised,48,text-summarization,knowledge_base,small_llm,0.21554410463508175,1120,110
2,greedy-advertised,49,factual-lookup,web_search,small_llm,-0.41099785311822895,1500,270
2,greedy-advertised,50,text-summarization,knowledge_base,small_llm,0.17287916837190273,1120,110
2,greedy-advertised,51,math-calculation,vector_db,small_llm,-0.029431088134638433,1150,105
2,greedy-advertised,52,code-snippet,web_search,small_llm,-0.3398794198095251,1500,270
2,greedy-advertised,53,math-calculation,vector_db,small_llm,-0.05344482652298885,1150,105
2,greedy-advertised,54,math-calculation,vector_db,small_llm,-0.02413834302717091,1150,105
2,greedy-advertised,55,math-calculation,vector_db,small_llm,-0.0450066280923358,1150,105
2,greedy-advertised,56,math-calculation,vector_db,small_llm,-0.07653046129140759,1150,105
2,greedy-advertised,57,text-summarization,knowledge_base,small_llm,0.29140354093233445,1120,110
2,greedy-advertised,58,code-snippet,web_search,small_llm,-0.41849085246537177,1500,270
2,greedy-advertised,59,text-summarization,knowledge_base,small_llm,0.29058719147754253,1120,110
2,greedy-advertised,60,code-snippet,web_search,small_llm,-0.4092089396085926,1500,270
2,greedy-advertised,61,math-calculation,vector_db,small_llm,-0.04893342286316446,1150,105
2,greedy-advertised,62,factual-lookup,web_search,small_llm,-0.36905943499898747,1500,270
2,greedy-advertised,63,factual-lookup,web_search,small_llm,-0.4070805275734553,1500,270
2,greedy-advertised,64,code-snippet,web_search,small_llm,-0.42000000000000004,1500,270
2,greedy-advertised,65,code-snippet,web_search,small_llm,-0.3798595867406367,1500,270
2,greedy-advertised,66,text-summarization,knowledge_base,small_llm,0.29284107051332986,1120,110
2,greedy-advertised,67,factual-lookup,web_search,small_llm,-0.3751940593088204,1500,270
2,greedy-advertised,68,text-summarization,knowledge_base,small_llm,0.3501005544987734,1120,110
2,greedy-advertised,69,factual-lookup,web_search,small_llm,-0.378451776935002,1500,270
2,greedy-advertised,70,text-summarization,knowledge_base,small_llm,0.21912585232900592,1120,110
2,greedy-advertised,71,code-snippet,web_search,small_llm,-0.39327829780537465,1500,270
2,greedy-advertised,72,factual-lookup,web_search,small_llm,-0.42000000000000004,1500,270
2,greedy-advertised,73,math-calculation,vector_db,small_llm,-0.057772573925477605,1150,105
2,greedy-advertised,74,math-calculation,vector_db,small_llm,-0.04726518615110012,1150,105
2,greedy-advertised,75,text-summarization,knowledge_base,small_llm,0.19596601613312134,1120,110
2,greedy-advertised,76,text-summarization,knowledge_base,small_llm,0.19972729469421094,1120,110
2,greedy-advertised,77,text-summarization,knowledge_base,small_llm,0.24622195673804384,1120,110
2,greedy-advertised,78,factual-lookup,web_search,small_llm,-0.37970926229175667,1500,270
2,greedy-advertised,79,math-calculation,vector_db,small_llm,-0.038503479292265635,1150,105
2,greedy-advertised,80,code-snippet,web_search,small_llm,-0.42000000000000004,1500,270
2,greedy-advertised,81,factual-lookup,web_search,small_llm,-0.4001388496672224,1500,270
2,greedy-advertised,82,code-snippet,web_search,small_llm,-0.346586238521156,1500,270
2,greedy-advertised,83,text-summarization,knowledge_base,small_llm,0.2641758754719181,1120,110
2,greedy-advertised,84,math-calculation,vector_db,small_llm,-0.03294842441505791,1150,105
2,greedy-advertised,85,text-summarization,knowledge_base,small_llm,0.21242010513722684,1120,110
2,greedy-advertised,86,code-snippet,web_search,small_llm,-0.36576510958291775,1500,270
2,greedy-advertised,87,code-snippet,web_search,small_llm,-0.33056481684063055,1500,270
2,greedy-advertised,88,factual-lookup,web_search,small_llm,-0.42000000000000004,1500,270
2,greedy-advertised,89,factual-lookup,web_search,small_llm,-0.42000000000000004,1500,270
2,greedy-advertised,90,factual-lookup,web_search,small_llm,-0.3707747096213472,1500,270
2,greedy-advertised,91,code-snippet,web_search,small_llm,-0.4150777745007596,1500,270
2,greedy-advertised,92,math-calculation,vector_db,small_llm,-0.03959983878534459,1150,105
2,greedy-advertised,93,math-calculation,vector_db,small_llm,-0.0393828067253639,1150,105
2,greedy-advertised,94,text-summarization,knowledge_base,small_llm,0.22668574966760482,1120,110
2,greedy-advertised,95,math-calculation,vector_db,small_llm,-0.03281144282972509,1150,105
2,greedy-advertised,96,code-snippet,web_search,small_llm,-0.3865632806666553,1500,270
2,greedy-advertised,97,text-summarization,knowledge_base,small_llm,0.3062916726686783,1120,110
2,greedy-advertised,98,math-calculation,vector_db,small_llm,-0.06675024935339324,1150,105
2,greedy-advertised,99,code-snippet,web_search,small_llm,-0.3275396975680931,1500,270
2,oracle,0,factual-lookup,web_search,small_llm,0.2505939820817474,1500,150
2,oracle,1,text-summarization,vector_db,small_llm,0.3838456577602628,1150,105
2,oracle,2,code-snippet,vector_db,regex_processor,0.5123230586538482,230,25
2,oracle,3,code-snippet,vector_db,regex_processor,0.42012937894167535,230,25
2,oracle,4,math-calculation,knowledge_base,calculator,0.3036980709557138,180,25
2,oracle,5,math-calculation,knowledge_base,calculator,0.34170709060927035,180,25
2,oracle,6,math-calculation,knowledge_base,calculator,0.27067625245408905,180,25
2,oracle,7,factual-lookup,web_search,small_llm,0.2788240072949492,1500,150
2,oracle,8,text-summarization,vector_db,small_llm,0.494804021394623,1150,105
2,oracle,9,text-summarization,vector_db,small_llm,0.4647811331192917,1150,105
2,oracle,10,factual-lookup,web_search,small_llm,0.30457117815086393,1500,150
2,oracle,11,factual-lookup,web_search,small_llm,0.29975531784103243,1500,150
2,oracle,12,math-calculation,knowledge_base,calculator,0.2564621249923333,180,25
2,oracle,13,code-snippet,vector_db,regex_processor,0.4173107440015872,230,25
2,oracle,14,text-summarization,vector_db,small_llm,0.36042795904842817,1150,105
2,oracle,15,math-calculation,knowledge_base,calculator,0.34375478212181304,180,25
2,oracle,16,factual-lookup,web_search,small_llm,0.3361215436153749,1500,150
2,oracle,17,math-calculation,knowledge_base,calculator,0.31543821241584297,180,25
2,oracle,18,factual-lookup,web_search,small_llm,0.3057904695065827,1500,150
2,oracle,19,code-snippet,vector_db,regex_processor,0.3549409811107576,230,25
2,oracle,20,code-snippet,vector_db,regex_processor,0.4751431255513086,230,25
2,oracle,21,code-snippet,vector_db,regex_processor,0.3472365485270928,230,25
2,oracle,22,factual-lookup,web_search,small_llm,0.29777686704202416,1500,150
2,oracle,23,math-calculation,knowledge_base,calculator,0.2952497246554087,180,25
2,oracle,24,code-snippet,vector_db,regex_processor,0.37285548675927926,230,25
2,oracle,25,text-summarization,vector_db,small_llm,0.48478585995879264,1150,105
2,oracle,26,math-calculation,knowledge_base,calculator,0.31467909432679786,180,25
2,oracle,27,factual-lookup,web_search,small_llm,0.32034312080057287,1500,150
2,oracle,28,text-summarization,vector_db,small_llm,0.6172059832461937,1150,105
2,oracle,29,text-summarization,vector_db,small_llm,0.45080785756633024,1150,105
2,oracle,30,code-snippet,vector_db,regex_processor,0.4229697994172661,230,25
2,oracle,31,code-snippet,vector_db,regex_processor,0.39736997123217477,230,25
2,oracle,32,code-snippet,vector_db,regex_processor,0.3933569460618932,230,25
2,oracle,33,factual-lookup,web_search,small_llm,0.11780338901570636,1500,150
2,oracle,34,factual-lookup,web_search,small_llm,0.30368966797916325,1500,150
2,oracle,35,math-calculation,knowledge_base,calculator,0.3738053033269474,180,25
2,oracle,36,text-summarization,vector_db,small_llm,0.47428321999226686,1150,105
2,oracle,37,text-summarization,vector_db,small_llm,0.4420701909763909,1150,105
2,oracle,38,factual-lookup,web_search,small_llm,0.3234607268102347,1500,150
2,oracle,39,factual-lookup,web_search,small_llm,0.3007777453150708,1500,150
2,oracle,40,math-calculation,knowledge_base,calculator,0.2748557312626616,180,25
2,oracle,41,code-snippet,vector_db,regex_processor,0.43457436687061507,230,25
2,oracle,42,code-snippet,vector_db,regex_processor,0.3763265843275996,230,25
2,oracle,43,text-summarization,vector_db,small_llm,0.4561801665156522,1150,105
2,oracle,44,math-calculation,knowledge_base,calculator,0.33834033728912666,180,25
2,oracle,45,factual-lookup,web_search,small_llm,0.2666190025669271,1500,150
2,oracle,46,text-summarization,vector_db,small_llm,0.4681018033661799,1150,105
2,oracle,47,factual-lookup,web_search,small_llm,0.26555831728409945,1500,150
2,oracle,48,text-summarization,vector_db,small_llm,0.4462580059404254,1150,105
2,oracle,49,factual-lookup,knowledge_base,small_llm,0.2062086487848638,1120,110
2,oracle,50,text-summarization,vector_db,small_llm,0.4090920482334345,1150,105
2,oracle,51,math-calculation,knowledge_base,calculator,0.32705791048050686,180,25
2,oracle,52,code-snippet,vector_db,regex_processor,0.5134874053966518,230,25
2,oracle,53,math-calculation,knowledge_base,calculator,0.3072659938963547,180,25
2,oracle,54,math-calculation,knowledge_base,calculator,0.36848375643468934,180,25
2,oracle,55,math-calculation,knowledge_base,calculator,0.32842777858808014,180,25
2,oracle,56,math-calculation,knowledge_base,calculator,0.28116194746643003,180,25
2,oracle,57,text-summarization,vector_db,small_llm,0.5289254457414398,1150,105
2,oracle,58,code-snippet,vector_db,regex_processor,0.42361932973542465,230,25
2,oracle,59,text-summarization,vector_db,small_llm,0.5306597894247848,1150,105
2,oracle,60,code-snippet,vector_db,regex_processor,0.3795810081024808,230,25
2,oracle,61,math-calculation,knowledge_base,calculator,0.2988035618522402,180,25
2,oracle,62,factual-lookup,knowledge_base,small_llm,0.25389970075991,1120,110
2,oracle,63,factual-lookup,knowledge_base,small_llm,0.22096702263484683,1120,110
2,oracle,64,code-snippet,vector_db,regex_processor,0.34254326816685415,230,25
2,oracle,65,code-snippet,vector_db,regex_processor,0.4260620320865806,230,25
2,oracle,66,text-summarization,vector_db,small_llm,0.5222367470438383,1150,105
2,oracle,67,factual-lookup,knowledge_base,small_llm,0.2561388097272218,1120,110
2,oracle,68,text-summarization,vector_db,small_llm,0.5889915101909521,1150,105
2,oracle,69,factual-lookup,knowledge_base,small_llm,0.23444214232232932,1120,110
2,oracle,70,text-summarization,vector_db,small_llm,0.4611470435898889,1150,105
2,oracle,71,code-snippet,vector_db,regex_processor,0.4047007683504626,230,25
2,oracle,72,factual-lookup,knowledge_base,small_llm,0.23504063690372115,1120,110
2,oracle,73,math-calculation,knowledge_base,calculator,0.2620259821110133,180,25
2,oracle,74,math-calculation,knowledge_base,calculator,0.2925766378966013,180,25
2,oracle,75,text-summarization,vector_db,small_llm,0.44082784418955756,1150,105
2,oracle,76,text-summarization,vector_db,small_llm,0.4331411813356367,1150,105
2,oracle,77,text-summarization,vector_db,small_llm,0.4817585196513611,1150,105
2,oracle,78,factual-lookup,knowledge_base,small_llm,0.29632781628847615,1120,110
2,oracle,79,math-calculation,knowledge_base,calculator,0.3303126329909326,180,25
2,oracle,80,code-snippet,vector_db,regex_processor,0.3358716313173965,230,25
2,oracle,81,factual-lookup,knowledge_base,small_llm,0.1682926763602032,1120,110
2,oracle,82,code-snippet,vector_db,regex_processor,0.42508401128981743,230,25
2,oracle,83,text-summarization,vector_db,small_llm,0.5155305781048818,1150,105
2,oracle,84,math-calculation,knowledge_base,calculator,0.3369641538851109,180,25
2,oracle,85,text-summarization,vector_db,small_llm,0.4558003748408068,1150,105
2,oracle,86,code-snippet,vector_db,regex_processor,0.3895953588648896,230,25
2,oracle,87,code-snippet,vector_db,regex_processor,0.4613469597866014,230,25
2,oracle,88,factual-lookup,knowledge_base,small_llm,0.20318876047244025,1120,110
2,oracle,89,factual-lookup,knowledge_base,small_llm,0.26191892738976286,1120,110
2,oracle,90,factual-lookup,knowledge_base,small_llm,0.2358406372512776,1120,110
2,oracle,91,code-snippet,vector_db,regex_processor,0.3791143692889156,230,25
2,oracle,92,math-calculation,knowledge_base,calculator,0.2950594590920753,180,25
2,oracle,93,math-calculation,knowledge_base,calculator,0.3308420622258092,180,25
2,oracle,94,text-summarization,vector_db,small_llm,0.44078225833618734,1150,105
2,oracle,95,math-calculation,knowledge_base,calculator,0.32249323437084276,180,25
2,oracle,96,code-snippet,vector_db,regex_processor,0.37797243742718745,230,25
2,oracle,97,text-summarization,vector_db,small_llm,0.5582916726686783,1150,105
2,oracle,98,math-calculation,knowledge_base,calculator,0.28985273857370775,180,25
2,oracle,99,code-snippet,vector_db,regex_processor,0.3897603421108602,230,25
3,pheromone_router,0,factual-lookup,knowledge_base,regex_processor,0.10533174963055421,200,30
3,pheromone_router,1,text-summarization,knowledge_base,small_llm,0.20384936095430425,1120,110
3,pheromone_router,2,code-snippet,vector_db,regex_processor,0.362946013417856,230,25
3,pheromone_router,3,code-snippet,vector_db,regex_processor,0.39139850929675213,230,25
3,pheromone_router,4,math-calculation,vector_db,calculator,0.35575440170494266,210,20
3,pheromone_router,5,math-calculation,knowledge_base,regex_processor,0.08570039447375975,200,30
3,pheromone_router,6,math-calculation,vector_db,small_llm,-0.02206153627876334,1150,105
3,pheromone_router,7,factual-lookup,web_search,small_llm,0.300691252495993,1500,150
3,pheromone_router,8,text-summarization,knowledge_base,small_llm,0.32202718155457755,1120,110
3,pheromone_router,9,text-summarization,knowledge_base,small_llm,0.23171912282590976,1120,110
3,pheromone_router,10,factual-lookup,web_search,small_llm,0.17490565155202303,1500,150
3,pheromone_router,11,factual-lookup,knowledge_base,small_llm,0.20013301703766592,1120,110
3,pheromone_router,12,math-calculation,web_search,calculator,0.09804009211130099,560,65
3,pheromone_router,13,code-snippet,web_search,small_llm,0.25944355514186984,1500,150
3,pheromone_router,14,text-summarization,vector_db,small_llm,0.5142638650478384,1150,105
3,pheromone_router,15,math-calculation,vector_db,small_llm,-0.0926112711577641,1150,105
3,pheromone_router,16,factual-lookup,knowledge_base,small_llm,0.23310761726874216,1120,110
3,pheromone_router,17,math-calculation,vector_db,regex_processor,0.06536556700945012,230,25
3,pheromone_router,18,factual-lookup,knowledge_base,small_llm,0.3362827423475663,1120,110
3,pheromone_router,19,code-snippet,knowledge_base,small_llm,0.05989499017494901,1120,110
3,pheromone_router,20,code-snippet,web_search,small_llm,0.15581992970794756,1500,150
3,pheromone_router,21,code-snippet,vector_db,small_llm,0.38043744995255,1150,105
3,pheromone_router,22,factual-lookup,knowledge_base,small_llm,0.2818130292687565,1120,110
3,pheromone_router,23,math-calculation,vector_db,small_llm,-0.08034904608124102,1150,105
3,pheromone_router,24,code-snippet,vector_db,small_llm,0.27947294531081435,1150,105
3,pheromone_router,25,text-summarization,web_search,small_llm,0.22675198780699563,1500,150
3,pheromone_router,26,math-calculation,knowledge_base,calculator,0.26976033703175717,180,25
3,pheromone_router,27,factual-lookup,web_search,calculator,0.018652638108453634,560,65
3,pheromone_router,28,text-summarization,web_search,small_llm,0.12620205571292187,1500,150
3,pheromone_router,29,text-summarization,knowledge_base,small_llm,0.2945595284632745,1120,110
3,pheromone_router,30,code-snippet,knowledge_base,small_llm,0.13507929860229798,1120,110
3,pheromone_router,31,code-snippet,knowledge_base,small_llm,0.09053277492878406,1120,110
3,pheromone_router,32,code-snippet,web_search,small_llm,0.256749872331618,1500,150
3,pheromone_router,33,factual-lookup,web_search,small_llm,0.24161046776182943,1500,150
3,pheromone_router,34,factual-lookup,web_search,small_llm,0.20062361500126863,1500,150
3,pheromone_router,35,math-calculation,knowledge_base,small_llm,-0.012847957688684769,1120,110
3,pheromone_router,36,text-summarization,web_search,small_llm,0.19237711550728076,1500,150
3,pheromone_router,37,text-summarization,knowledge_base,regex_processor,0.06777807574574567,200,30
3,pheromone_router,38,factual-lookup,vector_db,small_llm,0.10993960247943771,1150,105
3,pheromone_router,39,factual-lookup,knowledge_base,small_llm,0.20875894943006926,1120,110
3,pheromone_router,40,math-calculation,web_search,small_llm,-0.20715479754055774,1500,150
3,pheromone_router,41,code-snippet,web_search,small_llm,0.15706049743483985,1500,150
3,pheromone_router,42,code-snippet,vector_db,small_llm,0.44972741035527863,1150,105
3,pheromone_router,43,text-summarization,knowledge_base,small_llm,0.3662571021673452,1120,110
3,pheromone_router,44,math-calculation,vector_db,small_llm,-0.005713440710119838,1150,105
3,pheromone_router,45,factual-lookup,web_search,small_llm,0.26337604211894644,1500,150
3,pheromone_router,46,text-summarization,knowledge_base,small_llm,0.2518303990297238,1120,110
3,pheromone_router,47,factual-lookup,knowledge_base,small_llm,0.3421806462675142,1120,110
3,pheromone_router,48,text-summarization,knowledge_base,small_llm,0.2555425004828512,1120,110
3,pheromone_router,49,factual-lookup,web_search,small_llm,-0.3440604292587821,1500,270
3,pheromone_router,50,text-summarization,knowledge_base,small_llm,0.3373660238796454,1120,110
3,pheromone_router,51,math-calculation,web_search,small_llm,-0.42000000000000004,1500,270
3,pheromone_router,52,code-snippet,vector_db,small_llm,0.33147639391611905,1150,105
3,pheromone_router,53,math-calculation,knowledge_base,regex_processor,0.09646266024011797,200,30
3,pheromone_router,54,math-calculation,vector_db,small_llm,-0.038397617578157295,1150,105
3,pheromone_router,55,math-calculation,vector_db,small_llm,-0.0707912980452701,1150,105
3,pheromone_router,56,math-calculation,web_search,small_llm,-0.4185649568908188,1500,270
3,pheromone_router,57,text-summarization,web_search,small_llm,-0.33109963289525485,1500,270
3,pheromone_router,58,code-snippet,vector_db,small_llm,0.34384370103427875,1150,105
3,pheromone_router,59,text-summarization,knowledge_base,small_llm,0.20446840888866588,1120,110
3,pheromone_router,60,code-snippet,web_search,small_llm,-0.33918703814700024,1500,270
3,pheromone_router,61,math-calculation,knowledge_base,small_llm,-0.050259518470764875,1120,110
3,pheromone_router,62,factual-lookup,web_search,small_llm,-0.41046875886293266,1500,270
3,pheromone_router,63,factual-lookup,knowledge_base,calculator,0.04030008251186279,180,25
3,pheromone_router,64,code-snippet,web_search,small_llm,-0.3518074472169478,1500,270
3,pheromone_router,65,code-snippet,web_search,small_llm,-0.3805717839391873,1500,270
3,pheromone_router,66,text-summarization,knowledge_base,small_llm,0.27891726820758034,1120,110
3,pheromone_router,67,factual-lookup,knowledge_base,small_llm,0.2698701799842843,1120,110
3,pheromone_router,68,text-summarization,knowledge_base,small_llm,0.19708465202697953,1120,110
3,pheromone_router,69,factual-lookup,web_search,small_llm,-0.3379917417945641,1500,270
3,pheromone_router,70,text-summarization,knowledge_base,small_llm,0.29441770404935097,1120,110
3,pheromone_router,71,code-snippet,web_search,small_llm,-0.40953788848890316,1500,270
3,pheromone_router,72,factual-lookup,knowledge_base,calculator,0.06111522171873743,180,25
3,pheromone_router,73,math-calculation,knowledge_base,small_llm,-0.023710822084570288,1120,110
3,pheromone_router,74,math-calculation,vector_db,small_llm,-0.07008851991517867,1150,105
3,pheromone_router,75,text-summarization,web_search,small_llm,-0.4014943414494886,1500,270
3,pheromone_router,76,text-summarization,knowledge_base,small_llm,0.2958385059490046,1120,110
3,pheromone_router,77,text-summarization,web_search,calculator,-0.2396869619914681,560,185
3,pheromone_router,78,factual-lookup,vector_db,small_llm,0.21732704575994025,1150,105
3,pheromone_router,79,math-calculation,knowledge_base,small_llm,-0.037297067006291484,1120,110
3,pheromone_router,80,code-snippet,web_search,small_llm,-0.40587122163623424,1500,270
3,pheromone_router,81,factual-lookup,knowledge_base,small_llm,0.25814037418302693,1120,110
3,pheromone_router,82,code-snippet,web_search,small_llm,-0.42000000000000004,1500,270
3,pheromone_router,83,text-summarization,knowledge_base,small_llm,0.18648828859313785,1120,110
3,pheromone_router,84,math-calculation,knowledge_base,small_llm,-0.025836508645823236,1120,110
3,pheromone_router,85,text-summarization,knowledge_base,small_llm,0.3040748725526716,1120,110
3,pheromone_router,86,code-snippet,knowledge_base,small_llm,0.13168647104989903,1120,110
3,pheromone_router,87,code-snippet,web_search,small_llm,-0.371263204881019,1500,270
3,pheromone_router,88,factual-lookup,knowledge_base,small_llm,0.26765271215765496,1120,110
3,pheromone_router,89,factual-lookup,knowledge_base,small_llm,0.24278538889987708,1120,110
3,pheromone_router,90,factual-lookup,knowledge_base,regex_processor,0.16088130060480615,200,30
3,pheromone_router,91,code-snippet,web_search,regex_processor,-0.1984315740994513,580,190
3,pheromone_router,92,math-calculation,knowledge_base,small_llm,-0.000899060085844422,1120,110
3,pheromone_router,93,math-calculation,vector_db,small_llm,-0.022380575064898073,1150,105
3,pheromone_router,94,text-summarization,knowledge_base,small_llm,0.27944214293238556,1120,110
3,pheromone_router,95,math-calculation,vector_db,small_llm,-0.06027444553600861,1150,105
3,pheromone_router,96,code-snippet,web_search,small_llm,-0.41804155816503336,1500,270
3,pheromone_router,97,text-summarization,vector_db,small_llm,0.5002815331766801,1150,105
3,pheromone_router,98,math-calculation,knowledge_base,small_llm,-0.046703834951594275,1120,110
3,pheromone_router,99,code-snippet,knowledge_base,small_llm,0.19456347258688841,1120,110
3,greedy-advertised,0,factual-lookup,web_search,small_llm,0.17221674843429086,1500,150
3,greedy-advertised,1,text-summarization,knowledge_base,small_llm,0.2580719955224561,1120,110
3,greedy-advertised,2,code-snippet,web_search,small_llm,0.18453846495074705,1500,150
3,greedy-advertised,3,code-snippet,web_search,small_llm,0.11836386864626963,1500,150
3,greedy-advertised,4,math-calculation,vector_db,small_llm,-0.036136123433528844,1150,105
3,greedy-advertised,5,math-calculation,vector_db,small_llm,-0.05427937833329172,1150,105
3,greedy-advertised,6,math-calculation,vector_db,small_llm,-0.07228631661104032,1150,105
3,greedy-advertised,7,factual-lookup,web_search,small_llm,0.22081332171155182,1500,150
3,greedy-advertised,8,text-summarization,knowledge_base,small_llm,0.2696411412632389,1120,110
3,greedy-advertised,9,text-summarization,knowledge_base,small_llm,0.2930200795939657,1120,110
3,greedy-advertised,10,factual-lookup,web_search,small_llm,0.3442480297387506,1500,150
3,greedy-advertised,11,factual-lookup,web_search,small_llm,0.26166629330395424,1500,150
3,greedy-advertised,12,math-calculation,vector_db,small_llm,-0.052167267477201545,1150,105
3,greedy-advertised,13,code-snippet,web_search,small_llm,0.282848283955971,1500,150
3,greedy-advertised,14,text-summarization,knowledge_base,small_llm,0.26582206604604475,1120,110
3,greedy-advertised,15,math-calculation,vector_db,small_llm,-0.08310695617184552,1150,105
3,greedy-advertised,16,factual-lookup,web_search,small_llm,0.32532324855289324,1500,150
3,greedy-advertised,17,math-calculation,vector_db,small_llm,-0.04227841098378546,1150,105
3,greedy-advertised,18,factual-lookup,web_search,small_llm,0.22644615101350024,1500,150
3,greedy-advertised,19,code-snippet,web_search,small_llm,0.12315970814876653,1500,150
3,greedy-advertised,20,code-snippet,web_search,small_llm,0.24324944799739662,1500,150
3,greedy-advertised,21,code-snippet,web_search,small_llm,0.16000208364741675,1500,150
3,greedy-advertised,22,factual-lookup,web_search,small_llm,0.26827480282786614,1500,150
3,greedy-advertised,23,math-calculation,vector_db,small_llm,-0.0025085423811415375,1150,105
3,greedy-advertised,24,code-snippet,web_search,small_llm,0.25212479089316525,1500,150
3,greedy-advertised,25,text-summarization,knowledge_base,small_llm,0.22056590004897234,1120,110
3,greedy-advertised,26,math-calculation,vector_db,small_llm,-0.02934972915470191,1150,105
3,greedy-advertised,27,factual-lookup,web_search,small_llm,0.22679214999896774,1500,150
3,greedy-advertised,28,text-summarization,knowledge_base,small_llm,0.20010873950343597,1120,110
3,greedy-advertised,29,text-summarization,knowledge_base,small_llm,0.2989128966213882,1120,110
3,greedy-advertised,30,code-snippet,web_search,small_llm,0.14193780258504674,1500,150
3,greedy-advertised,31,code-snippet,web_search,small_llm,0.18991730425604758,1500,150
3,greedy-advertised,32,code-snippet,web_search,small_llm,0.10076364189114506,1500,150
3,greedy-advertised,33,factual-lookup,web_search,small_llm,0.34826784703721797,1500,150
3,greedy-advertised,34,factual-lookup,web_search,small_llm,0.18428987763175314,1500,150
3,greedy-advertised,35,math-calculation,vector_db,small_llm,-0.05561727735919905,1150,105
3,greedy-advertised,36,text-summarization,knowledge_base,small_llm,0.2940377112363878,1120,110
3,greedy-advertised,37,text-summarization,knowledge_base,small_llm,0.24270089636254735,1120,110
3,greedy-advertised,38,factual-lookup,web_search,small_llm,0.298917438547222,1500,150
3,greedy-advertised,39,factual-lookup,web_search,small_llm,0.1788176862591705,1500,150
3,greedy-advertised,40,math-calculation,vector_db,small_llm,0.0057069870472390705,1150,105
3,greedy-advertised,41,code-snippet,web_search,small_llm,0.27830656628193146,1500,150
3,greedy-advertised,42,code-snippet,web_search,small_llm,0.20510662648696526,1500,150
3,greedy-advertised,43,text-summarization,knowledge_base,small_llm,0.19658442476542828,1120,110
3,greedy-advertised,44,math-calculation,vector_db,small_llm,-0.044230798360157975,1150,105
3,greedy-advertised,45,factual-lookup,web_search,small_llm,0.23732877867904206,1500,150
3,greedy-advertised,46,text-summarization,knowledge_base,small_llm,0.2783762244639817,1120,110
3,greedy-advertised,47,factual-lookup,web_search,small_llm,0.15575383736088777,1500,150
3,greedy-advertised,48,text-summarization,knowledge_base,small_llm,0.27777928836890164,1120,110
3,greedy-advertised,49,factual-lookup,web_search,small_llm,-0.3663409808523702,1500,270
3,greedy-advertised,50,text-summarization,knowledge_base,small_llm,0.2450334475000834,1120,110
3,greedy-advertised,51,math-calculation,vector_db,small_llm,-0.04993075373385397,1150,105
3,greedy-advertised,52,code-snippet,web_search,small_llm,-0.4111950284568143,1500,270
3,greedy-advertised,53,math-calculation,vector_db,small_llm,-0.05004654646794074,1150,105
3,greedy-advertised,54,math-calculation,vector_db,small_llm,-0.009139831015136102,1150,105
3,greedy-advertised,55,math-calculation,vector_db,small_llm,0.014271794018459821,1150,105
3,greedy-advertised,56,math-calculation,vector_db,small_llm,-0.11445591224919395,1150,105
3,greedy-advertised,57,text-summarization,knowledge_base,small_llm,0.23659848568881528,1120,110
3,greedy-advertised,58,code-snippet,web_search,small_llm,-0.42000000000000004,1500,270
3,greedy-advertised,59,text-summarization,knowledge_base,small_llm,0.2676567161230041,1120,110
3,greedy-advertised,60,code-snippet,web_search,small_llm,-0.4191312782625566,1500,270
3,greedy-advertised,61,math-calculation,vector_db,small_llm,-0.04412541822361851,1150,105
3,greedy-advertised,62,factual-lookup,web_search,small_llm,-0.33006789627040173,1500,270
3,greedy-advertised,63,factual-lookup,web_search,small_llm,-0.3662881697904433,1500,270
3,greedy-advertised,64,code-snippet,web_search,small_llm,-0.2975823804639819,1500,270
3,greedy-advertised,65,code-snippet,web_search,small_llm,-0.3257179259794793,1500,270
3,greedy-advertised,66,text-summarization,knowledge_base,small_llm,0.22391535612995409,1120,110
3,greedy-advertised,67,factual-lookup,web_search,small_llm,-0.3407331944551493,1500,270
3,greedy-advertised,68,text-summarization,knowledge_base,small_llm,0.2275391127327651,1120,110
3,greedy-advertised,69,factual-lookup,web_search,small_llm,-0.3780637680934904,1500,270
3,greedy-advertised,70,text-summarization,knowledge_base,small_llm,0.2197092189644296,1120,110
3,greedy-advertised,71,code-snippet,web_search,small_llm,-0.27494787112367236,1500,270
3,greedy-advertised,72,factual-lookup,web_search,small_llm,-0.4079763504889272,1500,270
3,greedy-advertised,73,math-calculation,vector_db,small_llm,-0.08559019874111515,1150,105
3,greedy-advertised,74,math-calculation,vector_db,small_llm,-0.03144578108447316,1150,105
3,greedy-advertised,75,text-summarization,knowledge_base,small_llm,0.2717916515757185,1120,110
3,greedy-advertised,76,text-summarization,knowledge_base,small_llm,0.2209031055014732,1120,110
3,greedy-advertised,77,text-summarization,knowledge_base,small_llm,0.2338986879502261,1120,110
3,greedy-advertised,78,factual-lookup,web_search,small_llm,-0.41375326790490147,1500,270
3,greedy-advertised,79,math-calculation,vector_db,small_llm,-0.08184532043221901,1150,105
3,greedy-advertised,80,code-snippet,web_search,small_llm,-0.34312649187112654,1500,270
3,greedy-advertised,81,factual-lookup,web_search,small_llm,-0.3928948430009569,1500,270
3,greedy-advertised,82,code-snippet,web_search,small_llm,-0.3431266986488549,1500,270
3,greedy-advertised,83,text-summarization,knowledge_base,small_llm,0.17064530530800334,1120,110
3,greedy-advertised,84,math-calculation,vector_db,small_llm,-0.06640483440607753,1150,105
3,greedy-advertised,85,text-summarization,knowledge_base,small_llm,0.31988596924495327,1120,110
3,greedy-advertised,86,code-snippet,web_search,small_llm,-0.3325368033180696,1500,270
3,greedy-advertised,87,code-snippet,web_search,small_llm,-0.31093550417427646,1500,270
3,greedy-advertised,88,factual-lookup,web_search,small_llm,-0.39251281456945264,1500,270
3,greedy-advertised,89,factual-lookup,web_search,small_llm,-0.40411756681086125,1500,270
3,greedy-advertised,90,factual-lookup,web_search,small_llm,-0.3484414631022149,1500,270
3,greedy-advertised,91,code-snippet,web_search,small_llm,-0.3795622967968736,1500,270
3,greedy-advertised,92,math-calculation,vector_db,small_llm,-0.039080758558318884,1150,105
3,greedy-advertised,93,math-calculation,vector_db,small_llm,-0.06601635348176371,1150,105
3,greedy-advertised,94,text-summarization,knowledge_base,small_llm,0.2771597860539583,1120,110
3,greedy-advertised,95,math-calculation,vector_db,small_llm,-0.05926510651755426,1150,105
3,greedy-advertised,96,code-snippet,web_search,small_llm,-0.40571949242338207,1500,270
3,greedy-advertised,97,text-summarization,knowledge_base,small_llm,0.19161960149394444,1120,110
3,greedy-advertised,98,math-calculation,vector_db,small_llm,-0.03512913968492126,1150,105
3,greedy-advertised,99,code-snippet,web_search,small_llm,-0.3686993401193717,1500,270
3,oracle,0,factual-lookup,web_search,small_llm,0.17221674843429086,1500,150
3,oracle,1,text-summarization,vector_db,small_llm,0.490474875445857,1150,105
3,oracle,2,code-snippet,vector_db,regex_processor,0.384394341733851,230,25
3,oracle,3,code-snippet,vector_db,regex_processor,0.3299339336707636,230,25
3,oracle,4,math-calculation,knowledge_base,calculator,0.2637393461862529,180,25
3,oracle,5,math-calculation,knowledge_base,calculator,0.3046934568652546,180,25
3,oracle,6,math-calculation,knowledge_base,calculator,0.2749958880334333,180,25
3,oracle,7,factual-lookup,web_search,small_llm,0.22081332171155182,1500,150
3,oracle,8,text-summarization,vector_db,small_llm,0.5061592211810718,1150,105
3,oracle,9,text-summarization,vector_db,small_llm,0.5300225529806335,1150,105
3,oracle,10,factual-lookup,web_search,small_llm,0.3442480297387506,1500,150
3,oracle,11,factual-lookup,web_search,small_llm,0.26166629330395424,1500,150
3,oracle,12,math-calculation,knowledge_base,calculator,0.2978580512701133,180,25
3,oracle,13,code-snippet,vector_db,regex_processor,0.4646610728818748,230,25
3,oracle,14,text-summarization,vector_db,small_llm,0.5178220660460447,1150,105
3,oracle,15,math-calculation,knowledge_base,calculator,0.2521048544691022,180,25
3,oracle,16,factual-lookup,web_search,small_llm,0.32532324855289324,1500,150
3,oracle,17,math-calculation,knowledge_base,calculator,0.31157583516411763,180,25
3,oracle,18,factual-lookup,web_search,small_llm,0.22644615101350024,1500,150
3,oracle,19,code-snippet,vector_db,regex_processor,0.3231854942406877,230,25
3,oracle,20,code-snippet,vector_db,regex_processor,0.4399274670143626,230,25
3,oracle,21,code-snippet,vector_db,regex_processor,0.35764682496478567,230,25
3,oracle,22,factual-lookup,web_search,small_llm,0.26827480282786614,1500,150
3,oracle,23,math-calculation,knowledge_base,calculator,0.37727990830090463,180,25
3,oracle,24,code-snippet,vector_db,regex_processor,0.45045025655924065,230,25
3,oracle,25,text-summarization,vector_db,small_llm,0.44849215537836773,1150,105
3,oracle,26,math-calculation,knowledge_base,calculator,0.3362029155512624,180,25
3,oracle,27,factual-lookup,web_search,small_llm,0.22679214999896774,1500,150
3,oracle,28,text-summarization,vector_db,small_llm,0.4084350610227111,1150,105
3,oracle,29,text-summarization,vector_db,small_llm,0.5445549998807006,1150,105
3,oracle,30,code-snippet,vector_db,regex_processor,0.35138261493882084,230,25
3,oracle,31,code-snippet,vector_db,regex_processor,0.39604110434450224,230,25
3,oracle,32,code-snippet,vector_db,regex_processor,0.31073366009698433,230,25
3,oracle,33,factual-lookup,web_search,small_llm,0.34826784703721797,1500,150
3,oracle,34,factual-lookup,web_search,small_llm,0.18428987763175314,1500,150
3,oracle,35,math-calculation,knowledge_base,calculator,0.3049121142855917,180,25
3,oracle,36,text-summarization,vector_db,small_llm,0.5186473777161655,1150,105
3,oracle,37,text-summarization,vector_db,small_llm,0.46909582738074096,1150,105
3,oracle,38,factual-lookup,web_search,small_llm,0.298917438547222,1500,150
3,oracle,39,factual-lookup,web_search,small_llm,0.1788176862591705,1500,150
3,oracle,40,math-calculation,knowledge_base,calculator,0.39109127725333404,180,25
3,oracle,41,code-snippet,vector_db,regex_processor,0.4724995406479057,230,25
3,oracle,42,code-snippet,vector_db,regex_processor,0.3978893106246015,230,25
3,oracle,43,text-summarization,vector_db,small_llm,0.4260819250234157,1150,105
3,oracle,44,math-calculation,knowledge_base,calculator,0.3365748039755283,180,25
3,oracle,45,factual-lookup,web_search,small_llm,0.23732877867904206,1500,150
3,oracle,46,text-summarization,vector_db,small_llm,0.5250680918203293,1150,105
3,oracle,47,factual-lookup,web_search,small_llm,0.15575383736088777,1500,150
3,oracle,48,text-summarization,vector_db,small_llm,0.5297792883689016,1150,105
3,oracle,49,factual-lookup,knowledge_base,small_llm,0.2897459235363784,1120,110
3,oracle,50,text-summarization,vector_db,small_llm,0.4881988686975862,1150,105
3,oracle,51,math-calculation,knowledge_base,calculator,0.2948332457128912,180,25
3,oracle,52,code-snippet,vector_db,regex_processor,0.38329052499742755,230,25
3,oracle,53,math-calculation,knowledge_base,calculator,0.30146099319442027,180,25
3,oracle,54,math-calculation,knowledge_base,calculator,0.3182319261824688,180,25
3,oracle,55,math-calculation,knowledge_base,calculator,0.3819327379067741,180,25
3,oracle,56,math-calculation,knowledge_base,calculator,0.1958439636807653,180,25
3,oracle,57,text-summarization,vector_db,small_llm,0.48275750568742826,1150,105
3,oracle,58,code-snippet,vector_db,regex_processor,0.3587134959488061,230,25
3,oracle,59,text-summarization,vector_db,small_llm,0.4908808303949317,1150,105
3,oracle,60,code-snippet,vector_db,regex_processor,0.34867267537866864,230,25
3,oracle,61,math-calculation,knowledge_base,calculator,0.3091647950141572,180,25
3,oracle,62,factual-lookup,knowledge_base,small_llm,0.3105279001088107,1120,110
3,oracle,63,factual-lookup,knowledge_base,small_llm,0.28753999808678554,1120,110
3,oracle,64,code-snippet,vector_db,regex_processor,0.4959829082430533,230,25
3,oracle,65,code-snippet,vector_db,regex_processor,0.41618768994545824,230,25
3,oracle,66,text-summarization,vector_db,small_llm,0.4532432008569286,1150,105
3,oracle,67,factual-lookup,knowledge_base,small_llm,0.33192830193801726,1120,110
3,oracle,68,text-summarization,vector_db,small_llm,0.461383264144385,1150,105
3,oracle,69,factual-lookup,knowledge_base,small_llm,0.24363014952477632,1120,110
3,oracle,70,text-summarization,vector_db,small_llm,0.4652251501178237,1150,105
3,oracle,71,code-snippet,vector_db,regex_processor,0.48369463201359414,230,25
3,oracle,72,factual-lookup,knowledge_base,small_llm,0.1961052682351149,1120,110
3,oracle,73,math-calculation,knowledge_base,calculator,0.24024945212203086,180,25
3,oracle,74,math-calculation,knowledge_base,calculator,0.34186942092247197,180,25
3,oracle,75,text-summarization,vector_db,small_llm,0.5127406087945573,1150,105
3,oracle,76,text-summarization,vector_db,small_llm,0.4413261173441876,1150,105
3,oracle,77,text-summarization,vector_db,small_llm,0.4747921792951004,1150,105
3,oracle,78,factual-lookup,knowledge_base,small_llm,0.2163806167003555,1120,110
3,oracle,79,math-calculation,knowledge_base,calculator,0.2547098540052386,180,25
3,oracle,80,code-snippet,vector_db,regex_processor,0.42277778555176704,230,25
3,oracle,81,factual-lookup,knowledge_base,small_llm,0.28561959547797255,1120,110
3,oracle,82,code-snippet,vector_db,regex_processor,0.48739375151375713,230,25
3,oracle,83,text-summarization,vector_db,small_llm,0.4208560421145422,1150,105
3,oracle,84,math-calculation,knowledge_base,calculator,0.2785627872753459,180,25
3,oracle,85,text-summarization,vector_db,small_llm,0.5718859692449533,1150,105
3,oracle,86,code-snippet,vector_db,regex_processor,0.4488212672369617,230,25
3,oracle,87,code-snippet,vector_db,regex_processor,0.45300279888660205,230,25
3,oracle,88,factual-lookup,knowledge_base,small_llm,0.28546285501407564,1120,110
3,oracle,89,factual-lookup,knowledge_base,small_llm,0.32491641789043557,1120,110
3,oracle,90,factual-lookup,knowledge_base,small_llm,0.38114261149605,1120,110
3,oracle,91,code-snippet,vector_db,regex_processor,0.39364446559895555,230,25
3,oracle,92,math-calculation,knowledge_base,calculator,0.31535240010834625,180,25
3,oracle,93,math-calculation,knowledge_base,calculator,0.27730320561787614,180,25
3,oracle,94,text-summarization,vector_db,small_llm,0.5291597860539583,1150,105
3,oracle,95,math-calculation,knowledge_base,calculator,0.2738649093849567,180,25
3,oracle,96,code-snippet,vector_db,regex_processor,0.35479045829994543,230,25
3,oracle,97,text-summarization,vector_db,small_llm,0.4162422782209164,1150,105
3,oracle,98,math-calculation,knowledge_base,calculator,0.3143175180033226,180,25
3,oracle,99,code-snippet,vector_db,regex_processor,0.4332980516571636,230,25
4,pheromone_router,0,factual-lookup,vector_db,regex_processor,0.10843348367930337,230,25
4,pheromone_router,1,text-summarization,knowledge_base,small_llm,0.19759061079068055,1120,110
4,pheromone_router,2,code-snippet,web_search,small_llm,0.17548379972756184,1500,150
4,pheromone_router,3,code-snippet,web_search,small_llm,0.17898670085725804,1500,150
4,pheromone_router,4,math-calculation,vector_db,small_llm,-0.08683931299071163,1150,105
4,pheromone_router,5,math-calculation,vector_db,regex_processor,0.05368136519731788,230,25
4,pheromone_router,6,math-calculation,vector_db,small_llm,-0.07958382614206594,1150,105
4,pheromone_router,7,factual-lookup,vector_db,small_llm,0.1592976784385388,1150,105
4,pheromone_router,8,text-summarization,knowledge_base,regex_processor,0.1221680383587584,200,30
4,pheromone_router,9,text-summarization,web_search,small_llm,0.17001259881510616,1500,150
4,pheromone_router,10,factual-lookup,vector_db,small_llm,0.26724557477783817,1150,105
4,pheromone_router,11,factual-lookup,knowledge_base,small_llm,0.22293617955707315,1120,110
4,pheromone_router,12,math-calculation,knowledge_base,small_llm,-0.08107642970261747,1120,110
4,pheromone_router,13,code-snippet,vector_db,small_llm,0.36889231219746255,1150,105
4,pheromone_router,14,text-summarization,vector_db,small_llm,0.48117827059686336,1150,105
4,pheromone_router,15,math-calculation,knowledge_base,small_llm,-0.06976709760907651,1120,110
4,pheromone_router,16,factual-lookup,vector_db,small_llm,0.20524769844496973,1150,105
4,pheromone_router,17,math-calculation,vector_db,small_llm,-0.04272280459165964,1150,105
4,pheromone_router,18,factual-lookup,knowledge_base,small_llm,0.28988593197671064,1120,110
4,pheromone_router,19,code-snippet,web_search,calculator,0.018016931641776868,560,65
4,pheromone_router,20,code-snippet,web_search,small_llm,0.27506006500806807,1500,150
4,pheromone_router,21,code-snippet,vector_db,small_llm,0.39423793819264685,1150,105
4,pheromone_router,22,factual-lookup,web_search,small_llm,0.30676301069627937,1500,150
4,pheromone_router,23,math-calculation,knowledge_base,small_llm,-0.025402898808498636,1120,110
4,pheromone_router,24,code-snippet,vector_db,small_llm,0.4252314158950061,1150,105
4,pheromone_router,25,text-summarization,vector_db,small_llm,0.4946787700246912,1150,105
4,pheromone_router,26,math-calculation,knowledge_base,small_llm,-0.052567683901583784,1120,110
4,pheromone_router,27,factual-lookup,vector_db,small_llm,0.17355501763044792,1150,105
4,pheromone_router,28,text-summarization,vector_db,small_llm,0.49565080707644915,1150,105
4,pheromone_router,29,text-summarization,vector_db,small_llm,0.5351901967286752,1150,105
4,pheromone_router,30,code-snippet,vector_db,small_llm,0.4103117823573882,1150,105
4,pheromone_router,31,code-snippet,web_search,small_llm,0.26702704598318144,1500,150
4,pheromone_router,32,code-snippet,web_search,small_llm,0.2635671810136259,1500,150
4,pheromone_router,33,factual-lookup,vector_db,small_llm,0.1761758985701852,1150,105
4,pheromone_router,34,factual-lookup,web_search,small_llm,0.2561048308410749,1500,150
4,pheromone_router,35,math-calculation,vector_db,small_llm,-0.103126629892335,1150,105
4,pheromone_router,36,text-summarization,knowledge_base,small_llm,0.170859758936336,1120,110
4,pheromone_router,37,text-summarization,vector_db,small_llm,0.6015888138296809,1150,105
4,pheromone_router,38,factual-lookup,web_search,small_llm,0.2411949650472916,1500,150
4,pheromone_router,39,factual-lookup,vector_db,small_llm,0.21417818098955912,1150,105
4,pheromone_router,40,math-calculation,vector_db,small_llm,-0.0010840107841035285,1150,105
4,pheromone_router,41,code-snippet,knowledge_base,small_llm,0.05693099674237104,1120,110
4,pheromone_router,42,code-snippet,vector_db,small_llm,0.3348721868091217,1150,105
4,pheromone_router,43,text-summarization,vector_db,regex_processor,0.24241226960448053,230,25
4,pheromone_router,44,math-calculation,vector_db,small_llm,-0.056883461977582456,1150,105
4,pheromone_router,45,factual-lookup,knowledge_base,small_llm,0.36009705991493846,1120,110
4,pheromone_router,46,text-summarization,vector_db,small_llm,0.43599748030550345,1150,105
4,pheromone_router,47,factual-lookup,web_search,small_llm,0.3347414331519936,1500,150
4,pheromone_router,48,text-summarization,web_search,small_llm,0.24842955990800203,1500,150
4,pheromone_router,49,factual-lookup,vector_db,small_llm,0.22696210070402087,1150,105
4,pheromone_router,50,text-summarization,knowledge_base,small_llm,0.31363575036729974,1120,110
4,pheromone_router,51,math-calculation,web_search,small_llm,-0.34842320053355214,1500,270
4,pheromone_router,52,code-snippet,vector_db,calculator,0.05516042400732326,210,20
4,pheromone_router,53,math-calculation,vector_db,small_llm,-0.09351208237598524,1150,105
4,pheromone_router,54,math-calculation,vector_db,small_llm,-0.07586040417272405,1150,105
4,pheromone_router,55,math-calculation,vector_db,calculator,0.2440119782328671,210,20
4,pheromone_router,56,math-calculation,knowledge_base,small_llm,0.01772918850329544,1120,110
4,pheromone_router,57,text-summarization,knowledge_base,small_llm,0.21408659693976442,1120,110
4,pheromone_router,58,code-snippet,web_search,small_llm,-0.42000000000000004,1500,270
4,pheromone_router,59,text-summarization,knowledge_base,small_llm,0.29554860276806394,1120,110
4,pheromone_router,60,code-snippet,vector_db,small_llm,0.37944132636400363,1150,105
4,pheromone_router,61,math-calculation,knowledge_base,small_llm,-0.08262147075340995,1120,110
4,pheromone_router,62,factual-lookup,vector_db,small_llm,0.263368907127874,1150,105
4,pheromone_router,63,factual-lookup,knowledge_base,regex_processor,0.11938573360954167,200,30
4,pheromone_router,64,code-snippet,web_search,small_llm,-0.42000000000000004,1500,270
4,pheromone_router,65,code-snippet,knowledge_base,regex_processor,0.23226170038312816,200,30
4,pheromone_router,66,text-summarization,knowledge_base,small_llm,0.17976758886104746,1120,110
4,pheromone_router,67,factual-lookup,knowledge_base,small_llm,0.27063147558897027,1120,110
4,pheromone_router,68,text-summarization,vector_db,calculator,-0.03306161860825032,210,20
4,pheromone_router,69,factual-lookup,web_search,regex_processor,-0.2145769166734819,580,190
4,pheromone_router,70,text-summarization,vector_db,small_llm,0.4552598673341701,1150,105
4,pheromone_router,71,code-snippet,web_search,small_llm,-0.3537861742731051,1500,270
4,pheromone_router,72,factual-lookup,vector_db,small_llm,0.1950555938662403,1150,105
4,pheromone_router,73,math-calculation,web_search,small_llm,-0.40982903196251474,1500,270
4,pheromone_router,74,math-calculation,vector_db,small_llm,-0.019583400236711984,1150,105
4,pheromone_router,75,text-summarization,knowledge_base,small_llm,0.264760814222909,1120,110
4,pheromone_router,76,text-summarization,web_search,small_llm,-0.4174713909765114,1500,270
4,pheromone_router,77,text-summarization,knowledge_base,small_llm,0.24082805601562193,1120,110
4,pheromone_router,78,factual-lookup,vector_db,small_llm,0.16080580176366108,1150,105
4,pheromone_router,79,math-calculation,vector_db,small_llm,-0.099347702204708,1150,105
4,pheromone_router,80,code-snippet,web_search,small_llm,-0.40181574317427793,1500,270
4,pheromone_router,81,factual-lookup,vector_db,small_llm,0.27333449655061215,1150,105
4,pheromone_router,82,code-snippet,web_search,small_llm,-0.4108485186412111,1500,270
4,pheromone_router,83,text-summarization,knowledge_base,small_llm,0.30310228791097327,1120,110
4,pheromone_router,84,math-calculation,knowledge_base,small_llm,-0.01442390359178608,1120,110
4,pheromone_router,85,text-summarization,knowledge_base,small_llm,0.2800141726567693,1120,110
4,pheromone_router,86,code-snippet,vector_db,regex_processor,0.3907519143695237,230,25
4,pheromone_router,87,code-snippet,vector_db,regex_processor,0.43815865289297906,230,25
4,pheromone_router,88,factual-lookup,web_search,calculator,-0.23574774569060553,560,185
4,pheromone_router,89,factual-lookup,knowledge_base,small_llm,0.36760781238175844,1120,110
4,pheromone_router,90,factual-lookup,knowledge_base,small_llm,0.31439328523526056,1120,110
4,pheromone_router,91,code-snippet,web_search,small_llm,-0.39924372987055645,1500,270
4,pheromone_router,92,math-calculation,vector_db,regex_processor,0.05916301533682437,230,25
4,pheromone_router,93,math-calculation,vector_db,small_llm,-0.05244813093397435,1150,105
4,pheromone_router,94,text-summarization,knowledge_base,small_llm,0.28760444744336433,1120,110
4,pheromone_router,95,math-calculation,vector_db,small_llm,-0.07682023036672228,1150,105
4,pheromone_router,96,code-snippet,vector_db,small_llm,0.3465715573489405,1150,105
4,pheromone_router,97,text-summarization,vector_db,small_llm,0.5065074827061257,1150,105
4,pheromone_router,98,math-calculation,vector_db,small_llm,-0.029322270001268635,1150,105
4,pheromone_router,99,code-snippet,knowledge_base,small_llm,0.14700081596517864,1120,110
4,greedy-advertised,0,factual-lookup,web_search,small_llm,0.24243189199954046,1500,150
4,greedy-advertised,1,text-summarization,knowledge_base,small_llm,0.3512471831500569,1120,110
4,greedy-advertised,2,code-snippet,web_search,small_llm,0.14010586861433166,1500,150
4,greedy-advertised,3,code-snippet,web_search,small_llm,0.1877300707917653,1500,150
4,greedy-advertised,4,math-calculation,vector_db,small_llm,-0.09657062235935585,1150,105
4,greedy-advertised,5,math-calculation,vector_db,small_llm,-0.023965453506085588,1150,105
4,greedy-advertised,6,math-calculation,vector_db,small_llm,-0.03822990698130074,1150,105
4,greedy-advertised,7,factual-lookup,web_search,small_llm,0.3238021642683884,1500,150
4,greedy-advertised,8,text-summarization,knowledge_base,small_llm,0.18221772210208495,1120,110
4,greedy-advertised,9,text-summarization,knowledge_base,small_llm,0.21603971572756517,1120,110
4,greedy-advertised,10,factual-lookup,web_search,small_llm,0.2194933352459441,1500,150
4,greedy-advertised,11,factual-lookup,web_search,small_llm,0.2760732769531326,1500,150
4,greedy-advertised,12,math-calculation,vector_db,small_llm,-0.048454648780576176,1150,105
4,greedy-advertised,13,code-snippet,web_search,small_llm,0.18311425633296302,1500,150
4,greedy-advertised,14,text-summarization,knowledge_base,small_llm,0.23279405380473808,1120,110
4,greedy-advertised,15,math-calculation,vector_db,small_llm,-0.06147958883686741,1150,105
4,greedy-advertised,16,factual-lookup,web_search,small_llm,0.26861387132062314,1500,150
4,greedy-advertised,17,math-calculation,vector_db,small_llm,-0.03453268207332749,1150,105
4,greedy-advertised,18,factual-lookup,web_search,small_llm,0.24988279969801402,1500,150
4,greedy-advertised,19,code-snippet,web_search,small_llm,0.1703992502030124,1500,150
4,greedy-advertised,20,code-snippet,web_search,small_llm,0.26890853023710354,1500,150
4,greedy-advertised,21,code-snippet,web_search,small_llm,0.16269977407700248,1500,150
4,greedy-advertised,22,factual-lookup,web_search,small_llm,0.21947929327787524,1500,150
4,greedy-advertised,23,math-calculation,vector_db,small_llm,-0.06344171389498313,1150,105
4,greedy-advertised,24,code-snippet,web_search,small_llm,0.2796721633697932,1500,150
4,greedy-advertised,25,text-summarization,knowledge_base,small_llm,0.25041902938204674,1120,110
4,greedy-advertised,26,math-calculation,vector_db,small_llm,-0.0858606216007752,1150,105
4,greedy-advertised,27,factual-lookup,web_search,small_llm,0.3071972630386785,1500,150
4,greedy-advertised,28,text-summarization,knowledge_base,small_llm,0.21219925706266216,1120,110
4,greedy-advertised,29,text-summarization,knowledge_base,small_llm,0.24034440548345778,1120,110
4,greedy-advertised,30,code-snippet,web_search,small_llm,0.26722441545732173,1500,150
4,greedy-advertised,31,code-snippet,web_search,small_llm,0.2606719312798665,1500,150
4,greedy-advertised,32,code-snippet,web_search,small_llm,0.21864527064640565,1500,150
4,greedy-advertised,33,factual-lookup,web_search,small_llm,0.29477997569648257,1500,150
4,greedy-advertised,34,factual-lookup,web_search,small_llm,0.18931976768233344,1500,150
4,greedy-advertised,35,math-calculation,vector_db,small_llm,-0.0011968990462053741,1150,105
4,greedy-advertised,36,text-summarization,knowledge_base,small_llm,0.21904375638350257,1120,110
4,greedy-advertised,37,text-summarization,knowledge_base,small_llm,0.261514368778745,1120,110
4,greedy-advertised,38,factual-lookup,web_search,small_llm,0.23381418784554292,1500,150
4,greedy-advertised,39,factual-lookup,web_search,small_llm,0.13672775020453298,1500,150
4,greedy-advertised,40,math-calculation,vector_db,small_llm,-0.08283203645741102,1150,105
4,greedy-advertised,41,code-snippet,web_search,small_llm,0.32154123094386805,1500,150
4,greedy-advertised,42,code-snippet,web_search,small_llm,0.1938140533368174,1500,150
4,greedy-advertised,43,text-summarization,knowledge_base,small_llm,0.22071102108696697,1120,110
4,greedy-advertised,44,math-calculation,vector_db,small_llm,-0.11244090236364633,1150,105
4,greedy-advertised,45,factual-lookup,web_search,small_llm,0.19229540139231488,1500,150
4,greedy-advertised,46,text-summarization,knowledge_base,small_llm,0.23527454737505413,1120,110
4,greedy-advertised,47,factual-lookup,web_search,small_llm,0.3076509855640747,1500,150
4,greedy-advertised,48,text-summarization,knowledge_base,small_llm,0.2862619094628609,1120,110
4,greedy-advertised,49,factual-lookup,web_search,small_llm,-0.3745983210742607,1500,270
4,greedy-advertised,50,text-summarization,knowledge_base,small_llm,0.24569435655814667,1120,110
4,greedy-advertised,51,math-calculation,vector_db,small_llm,-0.01153594826578605,1150,105
4,greedy-advertised,52,code-snippet,web_search,small_llm,-0.3592206484810781,1500,270
4,greedy-advertised,53,math-calculation,vector_db,small_llm,-0.06300499598254714,1150,105
4,greedy-advertised,54,math-calculation,vector_db,small_llm,-0.07838710633304491,1150,105
4,greedy-advertised,55,math-calculation,vector_db,small_llm,-0.04973149231862495,1150,105
4,greedy-advertised,56,math-calculation,vector_db,small_llm,-0.03867713726109376,1150,105
4,greedy-advertised,57,text-summarization,knowledge_base,small_llm,0.26529460575420183,1120,110
4,greedy-advertised,58,code-snippet,web_search,small_llm,-0.37513530757830477,1500,270
4,greedy-advertised,59,text-summarization,knowledge_base,small_llm,0.22937728521272235,1120,110
4,greedy-advertised,60,code-snippet,web_search,small_llm,-0.30827556124443367,1500,270
4,greedy-advertised,61,math-calculation,vector_db,small_llm,-0.01961264912977803,1150,105
4,greedy-advertised,62,factual-lookup,web_search,small_llm,-0.324535285950308,1500,270
4,greedy-advertised,63,factual-lookup,web_search,small_llm,-0.36682551803459984,1500,270
4,greedy-advertised,64,code-snippet,web_search,small_llm,-0.3068930920001337,1500,270
4,greedy-advertised,65,code-snippet,web_search,small_llm,-0.36827574463524254,1500,270
4,greedy-advertised,66,text-summarization,knowledge_base,small_llm,0.28517457496667986,1120,110
4,greedy-advertised,67,factual-lookup,web_search,small_llm,-0.3762718362491207,1500,270
4,greedy-advertised,68,text-summarization,knowledge_base,small_llm,0.15183871648292532,1120,110
4,greedy-advertised,69,factual-lookup,web_search,small_llm,-0.3953271758923988,1500,270
4,greedy-advertised,70,text-summarization,knowledge_base,small_llm,0.22253966281604629,1120,110
4,greedy-advertised,71,code-snippet,web_search,small_llm,-0.3352934363596514,1500,270
4,greedy-advertised,72,factual-lookup,web_search,small_llm,-0.39002284270168786,1500,270
4,greedy-advertised,73,math-calculation,vector_db,small_llm,-0.08230706865642021,1150,105
4,greedy-advertised,74,math-calculation,vector_db,small_llm,-0.04717268541160699,1150,105
4,greedy-advertised,75,text-summarization,knowledge_base,small_llm,0.2705723850544193,1120,110
4,greedy-advertised,76,text-summarization,knowledge_base,small_llm,0.2711688658706123,1120,110
4,greedy-advertised,77,text-summarization,knowledge_base,small_llm,0.25405805966634487,1120,110
4,greedy-advertised,78,factual-lookup,web_search,small_llm,-0.3909898137520553,1500,270
4,greedy-advertised,79,math-calculation,vector_db,small_llm,-0.05625471831244627,1150,105
4,greedy-advertised,80,code-snippet,web_search,small_llm,-0.4054155504768552,1500,270
4,greedy-advertised,81,factual-lookup,web_search,small_llm,-0.3616603603261896,1500,270
4,greedy-advertised,82,code-snippet,web_search,small_llm,-0.29500208535644923,1500,270
4,greedy-advertised,83,text-summarization,knowledge_base,small_llm,0.10399574298997163,1120,110
4,greedy-advertised,84,math-calculation,vector_db,small_llm,-0.009089959443214363,1150,105
4,greedy-advertised,85,text-summarization,knowledge_base,small_llm,0.21131770103606698,1120,110
4,greedy-advertised,86,code-snippet,web_search,small_llm,-0.3154126886550331,1500,270
4,greedy-advertised,87,code-snippet,web_search,small_llm,-0.3471490154986635,1500,270
4,greedy-advertised,88,factual-lookup,web_search,small_llm,-0.3417616214836757,1500,270
4,greedy-advertised,89,factual-lookup,web_search,small_llm,-0.42000000000000004,1500,270
4,greedy-advertised,90,factual-lookup,web_search,small_llm,-0.38523379228650145,1500,270
4,greedy-advertised,91,code-snippet,web_search,small_llm,-0.34493086348368135,1500,270
4,greedy-advertised,92,math-calculation,vector_db,small_llm,-0.12373364538249045,1150,105
4,greedy-advertised,93,math-calculation,vector_db,small_llm,-0.02861957149049016,1150,105
4,greedy-advertised,94,text-summarization,knowledge_base,small_llm,0.24076636301819274,1120,110
4,greedy-advertised,95,math-calculation,vector_db,small_llm,-0.08670860913842096,1150,105
4,greedy-advertised,96,code-snippet,web_search,small_llm,-0.38796263157272026,1500,270
4,greedy-advertised,97,text-summarization,knowledge_base,small_llm,0.19375211775455667,1120,110
4,greedy-advertised,98,math-calculation,vector_db,small_llm,-0.0008592100231973321,1150,105
4,greedy-advertised,99,code-snippet,web_search,small_llm,-0.35630046739690757,1500,270
4,oracle,0,factual-lookup,web_search,small_llm,0.24243189199954046,1500,150
4,oracle,1,text-summarization,vector_db,small_llm,0.59898653002296,1150,105
4,oracle,2,code-snippet,vector_db,regex_processor,0.34940334016328667,230,25
4,oracle,3,code-snippet,vector_db,regex_processor,0.3897776276573084,230,25
4,oracle,4,math-calculation,knowledge_base,calculator,0.2244577699728289,180,25
4,oracle,5,math-calculation,knowledge_base,calculator,0.3187690459368727,180,25
4,oracle,6,math-calculation,knowledge_base,calculator,0.3228322508235951,180,25
4,oracle,7,factual-lookup,web_search,small_llm,0.3238021642683884,1500,150
4,oracle,8,text-summarization,vector_db,small_llm,0.434217722102085,1150,105
4,oracle,9,text-summarization,vector_db,small_llm,0.44453163425346776,1150,105
4,oracle,10,factual-lookup,web_search,small_llm,0.2194933352459441,1500,150
4,oracle,11,factual-lookup,web_search,small_llm,0.2760732769531326,1500,150
4,oracle,12,math-calculation,knowledge_base,calculator,0.33384662116603836,180,25
4,oracle,13,code-snippet,vector_db,regex_processor,0.377907224097153,230,25
4,oracle,14,text-summarization,vector_db,small_llm,0.4458183032774248,1150,105
4,oracle,15,math-calculation,knowledge_base,calculator,0.28665641495433397,180,25
4,oracle,16,factual-lookup,web_search,small_llm,0.26861387132062314,1500,150
4,oracle,17,math-calculation,knowledge_base,calculator,0.31593567145591983,180,25
4,oracle,18,factual-lookup,web_search,small_llm,0.24988279969801402,1500,150
4,oracle,19,code-snippet,vector_db,regex_processor,0.3728743871727542,230,25
4,oracle,20,code-snippet,vector_db,regex_processor,0.46242625051981906,230,25
4,oracle,21,code-snippet,vector_db,regex_processor,0.36350441764417935,230,25
4,oracle,22,factual-lookup,web_search,small_llm,0.21947929327787524,1500,150
4,oracle,23,math-calculation,knowledge_base,calculator,0.2861133958681496,180,25
4,oracle,24,code-snippet,vector_db,regex_processor,0.45997029570659437,230,25
4,oracle,25,text-summarization,vector_db,small_llm,0.49565125099572205,1150,105
4,oracle,26,math-calculation,knowledge_base,calculator,0.24772671811666536,180,25
4,oracle,27,factual-lookup,web_search,small_llm,0.3071972630386785,1500,150
4,oracle,28,text-summarization,vector_db,small_llm,0.4641992570626622,1150,105
4,oracle,29,text-summarization,vector_db,small_llm,0.48196211074725315,1150,105
4,oracle,30,code-snippet,vector_db,regex_processor,0.4595232354821304,230,25
4,oracle,31,code-snippet,vector_db,regex_processor,0.45016068667463,230,25
4,oracle,32,code-snippet,vector_db,regex_processor,0.41658356714491346,230,25
4,oracle,33,factual-lookup,web_search,small_llm,0.29477997569648257,1500,150
4,oracle,34,factual-lookup,web_search,small_llm,0.18931976768233344,1500,150
4,oracle,35,math-calculation,knowledge_base,calculator,0.3976747773951908,180,25
4,oracle,36,text-summarization,vector_db,small_llm,0.4710437563835026,1150,105
4,oracle,37,text-summarization,vector_db,small_llm,0.513514368778745,1150,105
4,oracle,38,factual-lookup,web_search,small_llm,0.23381418784554292,1500,150
4,oracle,39,factual-lookup,web_search,small_llm,0.13672775020453298,1500,150
4,oracle,40,math-calculation,knowledge_base,calculator,0.2509795223529125,180,25
4,oracle,41,code-snippet,vector_db,regex_processor,0.5186218893705248,230,25
4,oracle,42,code-snippet,vector_db,regex_processor,0.40107562654944906,230,25
4,oracle,43,text-summarization,vector_db,small_llm,0.45830440476068135,1150,105
4,oracle,44,math-calculation,knowledge_base,calculator,0.20701601350078697,180,25
4,oracle,45,factual-lookup,web_search,small_llm,0.19229540139231488,1500,150
4,oracle,46,text-summarization,vector_db,small_llm,0.4659931165775727,1150,105
4,oracle,47,factual-lookup,web_search,small_llm,0.3076509855640747,1500,150
4,oracle,48,text-summarization,vector_db,small_llm,0.5382619094628609,1150,105
4,oracle,49,factual-lookup,knowledge_base,small_llm,0.2720016920975117,1120,110
4,oracle,50,text-summarization,vector_db,small_llm,0.48368249859312573,1150,105
4,oracle,51,math-calculation,knowledge_base,calculator,0.3608360978027624,180,25
4,oracle,52,code-snippet,vector_db,regex_processor,0.44649984664709386,230,25
4,oracle,53,math-calculation,knowledge_base,calculator,0.27977333505723245,180,25
4,oracle,54,math-calculation,knowledge_base,calculator,0.23638331685148306,180,25
4,oracle,55,math-calculation,knowledge_base,calculator,0.30766302774889903,180,25
4,oracle,56,math-calculation,knowledge_base,calculator,0.3291853414876061,180,25
4,oracle,57,text-summarization,vector_db,small_llm,0.5172946057542019,1150,105
4,oracle,58,code-snippet,vector_db,regex_processor,0.3810204122025501,230,25
4,oracle,59,text-summarization,vector_db,small_llm,0.4475632796853787,1150,105
4,oracle,60,code-snippet,vector_db,regex_processor,0.45867393711028454,230,25
4,oracle,61,math-calculation,knowledge_base,calculator,0.30929419267232494,180,25
4,oracle,62,factual-lookup,knowledge_base,small_llm,0.32780746454846765,1120,110
4,oracle,63,factual-lookup,knowledge_base,small_llm,0.322056226914352,1120,110
4,oracle,64,code-snippet,vector_db,regex_processor,0.4610589634684407,230,25
4,oracle,65,code-snippet,vector_db,regex_processor,0.45194883042876316,230,25
4,oracle,66,text-summarization,vector_db,small_llm,0.5341058231827825,1150,105
4,oracle,67,factual-lookup,knowledge_base,small_llm,0.22916896568994874,1120,110
4,oracle,68,text-summarization,vector_db,small_llm,0.35832198093088763,1150,105
4,oracle,69,factual-lookup,knowledge_base,small_llm,0.3028792276700045,1120,110
4,oracle,70,text-summarization,vector_db,small_llm,0.4745396628160463,1150,105
4,oracle,71,code-snippet,vector_db,regex_processor,0.4400647017438544,230,25
4,oracle,72,factual-lookup,knowledge_base,small_llm,0.2610834000805441,1120,110
4,oracle,73,math-calculation,knowledge_base,calculator,0.2534737366857519,180,25
4,oracle,74,math-calculation,knowledge_base,calculator,0.30467178467103845,180,25
4,oracle,75,text-summarization,vector_db,small_llm,0.5007881594108295,1150,105
4,oracle,76,text-summarization,vector_db,small_llm,0.5009454841143763,1150,105
4,oracle,77,text-summarization,vector_db,small_llm,0.4981768766122273,1150,105
4,oracle,78,factual-lookup,knowledge_base,small_llm,0.2522491551063787,1120,110
4,oracle,79,math-calculation,knowledge_base,calculator,0.30315627111091914,180,25
4,oracle,80,code-snippet,vector_db,regex_processor,0.3778560223705754,230,25
4,oracle,81,factual-lookup,knowledge_base,small_llm,0.2825270866603301,1120,110
4,oracle,82,code-snippet,vector_db,regex_processor,0.4816416027994603,230,25
4,oracle,83,text-summarization,vector_db,small_llm,0.3380013217805027,1150,105
4,oracle,84,math-calculation,knowledge_base,calculator,0.38172413845279707,180,25
4,oracle,85,text-summarization,vector_db,small_llm,0.43989695429859,1150,105
4,oracle,86,code-snippet,vector_db,regex_processor,0.48924356344274805,230,25
4,oracle,87,code-snippet,vector_db,regex_processor,0.4451537813421897,230,25
4,oracle,88,factual-lookup,knowledge_base,small_llm,0.33703344235624577,1120,110
4,oracle,89,factual-lookup,knowledge_base,small_llm,0.2494811490618282,1120,110
4,oracle,90,factual-lookup,knowledge_base,small_llm,0.25862921544946094,1120,110
4,oracle,91,code-snippet,vector_db,regex_processor,0.43469532070889483,230,25
4,oracle,92,math-calculation,knowledge_base,calculator,0.16032225730011318,180,25
4,oracle,93,math-calculation,knowledge_base,calculator,0.3483849354875617,180,25
4,oracle,94,text-summarization,vector_db,small_llm,0.4830994683544634,1150,105
4,oracle,95,math-calculation,knowledge_base,calculator,0.24144293774536724,180,25
4,oracle,96,code-snippet,vector_db,regex_processor,0.38767532111225583,230,25
4,oracle,97,text-summarization,vector_db,small_llm,0.4247691652463761,1150,105
4,oracle,98,math-calculation,knowledge_base,calculator,0.362314821747903,180,25
4,oracle,99,code-snippet,vector_db,regex_processor,0.42306214851622276,230,25
